,Sub,Ses,Run,Awake,External,Future,Past,Other,Valence,Image,Word,Detail
0,1001,1,1,"['8', '8', '8', '8', '8', '8', '8', '8']","['7', '8', '3', '2', '2', '3', '2', '2']","['2', '2', '1', '6', '8', '3', '7', '3']","['8', '3', '9', '3', '2', '8', '2', '3']","['3', '3', '7', '9', '2', '7', '2', '9']","['5', '5', '7', '5', '4', '7', '6', '3']","['4', '3', '8', '6', '3', '9', '4', '4']","['4', '4', '2', '8', '8', '1', '7', '4']","['8', '7', '7', '3', '8', '7', '3', '2']"
1,1001,1,2,"['8', '8', '8', '8', '8', '8', '8', '8']","['6', '3', '3', '2', '2', '2', '2', '2']","['3', '3', '2', '3', '4', '1', '7', '9']","['7', '7', '8', '7', '8', '9', '2', '1']","['8', '2', '2', '6', '7', '1', '4', '7']","['4', '4', '4', '8', '3', '5', '8', '8']","['7', '6', '8', '9', '3', '6', '9', '7']","['3', '3', '1', '1', '7', '3', '1', '3']","['8', '2', '4', '8', '6', '2', '4', '3']"
2,1002,1,1,"['8', '8', '7', '8', '8', '7', '7', '8']","['8', '5', '7', '2', '3', '7', '7', '8']","['2', '2', '7', '8', '7', '7', '7', '2']","['1', '2', '2', '7', '6', '1', '1', '2']","['5', '5', '5', '3', '3', '4', '4', '2']","['5', '3', '5', '5', '5', '6', '6', '4']","['7', '5', '5', '4', '6', '6', '4', '2']","['8', '5', '6', '6', '6', '6', '7', '7']","['3', '3', '4', '4', '4', '6', '4', '6']"
3,1002,1,2,"['8', '8', '9', '9', '9', '9', '9', '9']","['8', '6', '6', '9', '1', '2', '9', '9']","['3', '8', '8', '6', '1', '4', '5', '6']","['1', '1', '3', '2', '8', '2', '5', '5']","['8', '2', '3', '1', '6', '6', '4', '4']","['5', '6', '5', '3', '5', '6', '3', '4']","['3', '7', '7', '2', '8', '6', '5', '5']","['6', '7', '6', '2', '4', '6', '5', '5']","['4', '7', '7', '6', '6', '6', '5', '5']"
4,1003,1,1,"['6', '7', '6', '6', '7', '7', '7', '7']","['4', '7', '6', '7', '6', '3', '4', '8']","['3', '4', '4', '4', '6', '7', '5', '4']","['3', '6', '4', '6', '6', '6', '6', '6']","['2', '1', '3', '7', '5', '4', '6', '3']","['6', '4', '4', '5', '5', '5', '5', '4']","['4', '3', '3', '3', '2', '2', '2', '1']","['6', '7', '6', '7', '8', '9', '8', '6']","['1', '1', '1', '4', '6', '6', '7', '7']"
5,1003,1,2,"['6', '6', '7', '7', '7', '7', '7', '7']","['6', '6', '8', '8', '5', '7', '4', '4']","['4', '3', '4', '4', '6', '4', '3', '5']","['6', '6', '6', '7', '6', '5', '6', '5']","['5', '4', '4', '3', '3', '3', '7', '4']","['4', '5', '5', '5', '5', '5', '5', '5']","['4', '6', '5', '4', '4', '4', '3', '2']","['5', '7', '4', '7', '6', '6', '7', '6']","['4', '3', '4', '3', '6', '6', '4', '3']"
6,1003,2,1,"['4', '4', '5', '3', '3', '4', '3', '3']","['7', '5', '3', '4', '3', '6', '3', '3']","['3', '7', '6', '6', '4', '3', '3', '4']","['6', '4', '6', '6', '6', '7', '6', '6']","['6', '3', '6', '4', '6', '3', '3', '3']","['7', '7', '6', '6', '6', '6', '6', '6']","['7', '6', '4', '4', '6', '4', '3', '6']","['4', '4', '6', '6', '4', '4', '6', '4']","['4', '6', '4', '4', '2', '4', '2', '2']"
7,1003,2,2,"['5', '4', '4', '4', '4', '4', '6', '5']","['3', '6', '7', '6', '4', '4', '6', '4']","['4', '3', '4', '3', '3', '6', '4', '7']","['6', '3', '4', '7', '6', '6', '6', '6']","['5', '5', '5', '5', '7', '6', '6', '4']","['6', '5', '5', '5', '5', '5', '6', '6']","['3', '6', '4', '6', '6', '5', '6', '6']","['6', '4', '5', '4', '6', '6', '4', '6']","['3', '3', '3', '3', '3', '3', '2', '5']"
8,1005,1,1,"['8', '7', '7', '7', '8', '7', '7', '7']","['6', '2', '7', '7', '6', '4', '7', '2']","['6', '8', '2', '2', '7', '8', '9', '2']","['6', '2', '7', '2', '3', '1', '2', '7']","['3', '7', '6', '4', '3', '1', '7', '7']","['4', '7', '7', '7', '4', '4', '6', '6']","['1', '3', '2', '2', '1', '7', '3', '7']","['9', '7', '8', '8', '9', '3', '7', '4']","['6', '3', '3', '4', '4', '3', '7', '6']"
9,1005,1,2,"['8', '8', '7', '8', '8', '8', '7', '5']","['6', '6', '3', '2', '2', '1', '3', '2']","['3', '2', '1', '2', '1', '7', '1', '8']","['7', '7', '7', '8', '2', '3', '1', '2']","['6', '7', '8', '8', '3', '4', '6', '2']","['3', '3', '6', '4', '7', '6', '6', '3']","['3', '2', '7', '4', '2', '3', '2', '7']","['7', '8', '3', '6', '8', '7', '8', '2']","['6', '4', '6', '3', '6', '4', '6', '3']"
10,1005,2,1,"['8', '7', '7', '7', '7', '7', '6', '7']","['3', '2', '1', '1', '1', '1', '3', '3']","['7', '8', '4', '8', '3', '7', '6', '2']","['5', '4', '6', '8', '2', '3', '7', '2']","['1', '2', '7', '3', '2', '3', '7', '4']","['6', '7', '7', '8', '4', '6', '6', '4']","['1', '3', '1', '6', '7', '1', '6', '3']","['9', '7', '7', '3', '3', '9', '6', '7']","['6', '7', '6', '4', '6', '4', '4', '4']"
11,1005,2,2,"['8', '7', '7', '6', '7', '7', '7', '7']","['2', '1', '1', '1', '1', '7', '1', '7']","['7', '3', '8', '6', '3', '2', '7', '3']","['7', '3', '2', '7', '7', '8', '3', '7']","['1', '7', '1', '8', '2', '7', '4', '2']","['4', '6', '6', '6', '4', '6', '6', '7']","['2', '1', '5', '6', '2', '3', '3', '6']","['8', '9', '6', '3', '8', '7', '6', '4']","['4', '7', '3', '7', '6', '6', '6', '2']"
12,1006,1,1,"['7', '5', '5', '3', '5', '7', '7', '2']","['9', '9', '7', '7', '6', '9', '9', '9']","['1', '1', '1', '1', '6', '2', '6', '1']","['1', '1', '1', '1', '1', '1', '6', '1']","['3', '3', '2', '1', '1', '1', '6', '3']","['5', '5', '5', '5', '5', '4', '4', '4']","['1', '1', '1', '1', '1', '5', '3', '3']","['9', '9', '9', '9', '9', '6', '9', '7']","['5', '1', '1', '3', '3', '9', '9', '7']"
13,1006,1,2,"['7', '6', '6', '5', '5', '7', '3', '2']","['3', '7', '3', '6', '4', '7', '6', '6']","['1', '3', '3', '6', '7', '3', '6', '6']","['8', '2', '7', '6', '4', '7', '1', '1']","['7', '3', '7', '7', '7', '6', '3', '1']","['4', '5', '7', '5', '4', '4', '5', '4']","['8', '3', '7', '7', '6', '3', '2', '1']","['6', '3', '5', '5', '6', '7', '8', '4']","['3', '3', '4', '3', '6', '4', '3', '1']"
14,1006,2,1,"['3', '3', '3', '4', '5', '3', '3', '3']","['7', '1', '7', '7', '2', '7', '2', '1']","['1', '1', '1', '1', '2', '3', '3', '1']","['1', '1', '1', '1', '7', '8', '8', '7']","['5', '3', '3', '1', '7', '3', '3', '7']","['4', '4', '4', '3', '6', '6', '5', '4']","['2', '1', '7', '6', '7', '7', '6', '9']","['2', '3', '7', '6', '2', '3', '6', '3']","['4', '1', '6', '2', '6', '7', '3', '5']"
15,1006,2,2,"['7', '8', '8', '7', '8', '9', '9', '9']","['1', '1', '4', '1', '1', '1', '1', '1']","['8', '3', '7', '9', '9', '8', '2', '9']","['7', '8', '3', '7', '6', '5', '8', '2']","['3', '5', '5', '1', '1', '1', '4', '1']","['7', '9', '6', '7', '7', '8', '6', '5']","['7', '9', '2', '1', '1', '1', '9', '2']","['7', '2', '3', '7', '7', '6', '1', '9']","['2', '7', '3', '3', '7', '7', '6', '3']"
16,1007,1,1,"['4', '3', '3', '3', '3', '4', '4', '4']","['5', '6', '7', '7', '7', '7', '7', '7']","['4', '3', '3', '3', '3', '3', '4', '6']","['6', '5', '7', '7', '7', '6', '6', '4']","['3', '3', '3', '3', '3', '3', '4', '4']","['6', '6', '6', '6', '6', '6', '6', '7']","['4', '4', '4', '3', '3', '4', '4', '7']","['6', '6', '6', '6', '6', '6', '6', '3']","['4', '3', '3', '4', '4', '4', '4', '6']"
17,1007,1,2,"['3', '4', '4', '3', '3', '4', '3', '2']","['7', '6', '7', '7', '6', '7', '7', '7']","['6', '6', '4', '4', '4', '7', '7', '5']","['4', '4', '6', '4', '4', '4', '4', '5']","['4', '3', '3', '3', '3', '3', '3', '2']","['7', '4', '4', '5', '4', '6', '7', '5']","['7', '5', '4', '3', '3', '4', '7', '5']","['4', '4', '4', '4', '6', '6', '4', '6']","['6', '5', '6', '4', '4', '6', '6', '5']"
18,1007,2,1,"['3', '3', '3', '3', '3', '3', '2', '3']","['6', '4', '6', '8', '6', '6', '6', '6']","['6', '6', '4', '6', '5', '7', '6', '4']","['4', '4', '6', '4', '4', '4', '5', '6']","['4', '4', '3', '3', '5', '3', '3', '4']","['6', '6', '6', '4', '5', '6', '6', '6']","['6', '4', '6', '6', '4', '7', '5', '7']","['4', '3', '4', '4', '4', '4', '5', '3']","['4', '4', '6', '6', '4', '7', '5', '8']"
19,1007,2,2,"['6', '7', '7', '7', '7', '7', '7', '4']","['4', '6', '6', '6', '4', '6', '6', '7']","['3', '4', '4', '4', '4', '4', '3', '7']","['6', '6', '6', '6', '6', '7', '6', '4']","['7', '6', '6', '6', '6', '7', '6', '6']","['7', '6', '6', '6', '6', '7', '6', '4']","['7', '7', '6', '7', '7', '8', '7', '4']","['3', '4', '3', '4', '4', '3', '6', '6']","['7', '7', '6', '6', '6', '8', '6', '6']"
20,1008,1,1,"['7', '4', '4', '7', '4', '8', '3', '7']","['9', '3', '7', '9', '2', '8', '9', '9']","['1', '1', '1', '1', '7', '7', '1', '1']","['1', '7', '7', '1', '7', '1', '1', '1']","['3', '2', '7', '8', '1', '7', '9', '4']","['3', '5', '4', '5', '4', '4', '7', '2']","['6', '9', '7', '2', '6', '8', '9', '1']","['3', '1', '7', '2', '9', '7', '1', '6']","['4', '3', '9', '4', '2', '2', '6', '9']"
21,1008,1,2,"['7', '7', '6', '6', '6', '7', '6', '7']","['9', '9', '7', '6', '6', '9', '1', '9']","['1', '1', '1', '9', '1', '1', '1', '1']","['1', '7', '1', '1', '6', '1', '6', '1']","['2', '3', '4', '1', '1', '8', '1', '2']","['3', '6', '5', '8', '5', '4', '4', '5']","['1', '9', '1', '7', '1', '6', '3', '1']","['1', '2', '8', '8', '4', '9', '4', '1']","['7', '7', '2', '7', '7', '6', '5', '2']"
22,1008,2,1,"['7', '8', '8', '8', '8', '8', '8', '8']","['2', '9', '3', '1', '3', '6', '9', '1']","['1', '2', '8', '9', '9', '8', '1', '9']","['9', '2', '6', '1', '1', '1', '3', '6']","['9', '3', '3', '1', '6', '1', '2', '3']","['7', '6', '2', '4', '4', '5', '3', '4']","['2', '1', '7', '6', '6', '7', '1', '8']","['8', '2', '3', '4', '7', '3', '4', '6']","['2', '7', '8', '6', '8', '6', '4', '9']"
23,1008,2,2,"['9', '9', '9', '8', '9', '9', '9', '8']","['3', '1', '1', '9', '1', '1', '7', '9']","['1', '9', '9', '1', '7', '7', '1', '3']","['7', '4', '6', '1', '7', '7', '7', '1']","['9', '1', '3', '2', '3', '1', '2', '1']","['6', '6', '8', '7', '8', '6', '5', '2']","['8', '6', '7', '9', '6', '9', '2', '1']","['6', '7', '6', '2', '8', '2', '8', '1']","['8', '6', '7', '4', '8', '9', '6', '3']"
24,1009,1,1,"['8', '7', '8', '8', '7', '8', '8', '8']","['8', '3', '7', '6', '3', '4', '6', '8']","['3', '9', '5', '6', '4', '5', '2', '5']","['3', '3', '3', '5', '8', '5', '8', '5']","['1', '3', '4', '4', '3', '4', '5', '6']","['5', '7', '4', '7', '6', '7', '6', '5']","['3', '4', '1', '3', '2', '1', '9', '1']","['3', '6', '6', '8', '8', '1', '3', '7']","['7', '4', '6', '4', '6', '1', '6', '6']"
25,1009,1,2,"['8', '8', '9', '8', '9', '9', '9', '9']","['5', '6', '7', '3', '6', '7', '7', '7']","['4', '2', '6', '4', '9', '2', '9', '4']","['7', '9', '1', '6', '2', '9', '2', '3']","['7', '4', '5', '1', '4', '9', '8', '2']","['5', '6', '5', '5', '5', '6', '6', '5']","['7', '4', '2', '2', '2', '8', '2', '1']","['4', '6', '8', '7', '6', '7', '7', '4']","['9', '6', '1', '2', '2', '4', '3', '6']"
26,1009,2,1,"['8', '8', '9', '8', '9', '8', '8', '8']","['3', '2', '3', '6', '7', '4', '2', '7']","['5', '1', '7', '5', '8', '9', '1', '8']","['7', '9', '3', '3', '3', '1', '9', '4']","['6', '6', '6', '5', '7', '7', '3', '8']","['6', '7', '6', '6', '5', '7', '3', '6']","['9', '8', '4', '1', '7', '1', '4', '6']","['2', '3', '6', '2', '6', '6', '6', '3']","['9', '6', '5', '2', '7', '1', '8', '3']"
27,1009,2,2,"['8', '7', '7', '7', '7', '7', '8', '8']","['7', '8', '4', '7', '3', '4', '7', '8']","['4', '3', '2', '5', '4', '8', '6', '2']","['8', '8', '7', '6', '1', '6', '5', '6']","['8', '7', '1', '4', '2', '7', '5', '5']","['5', '6', '7', '5', '4', '7', '6', '5']","['6', '9', '2', '6', '1', '7', '1', '5']","['7', '2', '5', '3', '4', '7', '9', '8']","['6', '7', '4', '4', '5', '6', '5', '6']"
28,1010,1,1,"['8', '9', '9', '9', '9', '9', '9', '9']","['8', '8', '5', '7', '8', '3', '2', '2']","['8', '5', '3', '5', '2', '7', '8', '8']","['1', '1', '1', '1', '1', '3', '3', '3']","['7', '5', '9', '6', '5', '1', '1', '1']","['4', '7', '8', '5', '7', '5', '5', '8']","['1', '1', '1', '1', '4', '1', '1', '2']","['1', '1', '1', '1', '1', '1', '1', '1']","['2', '2', '1', '1', '1', '6', '2', '5']"
29,1010,1,2,"['9', '9', '9', '9', '9', '4', '7', '9']","['6', '7', '7', '9', '9', '9', '2', '5']","['1', '2', '5', '5', '7', '6', '2', '5']","['3', '2', '2', '1', '3', '4', '2', '2']","['9', '9', '9', '9', '9', '7', '1', '8']","['4', '5', '4', '1', '2', '5', '3', '5']","['5', '9', '8', '8', '3', '1', '1', '6']","['9', '2', '2', '2', '7', '4', '1', '5']","['4', '7', '7', '7', '7', '3', '5', '6']"
30,1010,2,1,"['2', '2', '2', '2', '2', '2', '3', '2']","['3', '4', '4', '1', '1', '1', '1', '1']","['1', '1', '3', '1', '1', '1', '1', '1']","['1', '7', '3', '3', '1', '1', '1', '1']","['1', '4', '1', '1', '1', '1', '1', '1']","['3', '6', '3', '3', '1', '2', '4', '2']","['1', '6', '1', '1', '1', '1', '1', '1']","['5', '8', '7', '6', '3', '9', '1', '3']","['1', '1', '1', '1', '1', '1', '1', '1']"
31,1010,2,2,"['7', '7', '3', '2', '1', '5', '2', '2']","['2', '1', '2', '1', '1', '1', '1', '2']","['1', '8', '1', '6', '2', '9', '7', '6']","['9', '2', '1', '1', '2', '4', '2', '1']","['7', '1', '1', '1', '3', '1', '8', '1']","['7', '6', '1', '1', '1', '5', '3', '1']","['8', '2', '1', '1', '5', '3', '6', '4']","['2', '6', '5', '8', '8', '5', '3', '9']","['7', '3', '5', '1', '1', '5', '1', '4']"
32,1011,1,1,"['3', '3', '3', '4', '3', '3', '3', '2']","['8', '1', '8', '1', '1', '2', '1', '1']","['1', '9', '2', '6', '1', '6', '8', '7']","['2', '3', '2', '7', '7', '8', '5', '6']","['2', '7', '6', '7', '6', '8', '3', '6']","['3', '6', '5', '7', '6', '4', '6', '5']","['4', '3', '7', '7', '8', '4', '3', '4']","['4', '6', '7', '6', '2', '7', '6', '6']","['6', '7', '6', '8', '4', '4', '6', '7']"
33,1011,1,2,"['3', '3', '4', '4', '4', '4', '3', '3']","['1', '3', '8', '1', '1', '6', '3', '1']","['8', '2', '6', '1', '2', '1', '7', '3']","['3', '6', '2', '8', '5', '7', '7', '6']","['7', '6', '1', '8', '6', '4', '2', '6']","['6', '3', '4', '5', '4', '5', '5', '6']","['7', '2', '6', '7', '6', '7', '4', '8']","['6', '7', '4', '6', '6', '4', '7', '3']","['7', '6', '6', '6', '7', '3', '6', '2']"
34,1011,2,1,"['3', '4', '3', '3', '4', '3', '2', '3']","['2', '1', '2', '8', '1', '5', '1', '1']","['8', '6', '8', '2', '4', '1', '1', '8']","['4', '6', '6', '7', '9', '4', '9', '6']","['4', '6', '2', '2', '6', '8', '7', '2']","['2', '5', '3', '3', '5', '5', '6', '4']","['5', '6', '2', '2', '8', '7', '8', '6']","['4', '7', '7', '6', '3', '4', '6', '7']","['3', '6', '6', '7', '6', '4', '2', '4']"
35,1011,2,2,"['5', '4', '3', '4', '2', '3', '3', '4']","['3', '6', '1', '1', '8', '2', '7', '1']","['1', '6', '1', '6', '2', '7', '3', '5']","['4', '3', '3', '6', '2', '6', '7', '3']","['5', '4', '4', '7', '3', '2', '5', '6']","['6', '6', '5', '6', '5', '7', '4', '3']","['1', '7', '1', '6', '7', '2', '4', '2']","['7', '6', '5', '4', '6', '6', '6', '7']","['8', '6', '2', '6', '6', '4', '6', '6']"
36,1012,1,1,"['7', '7', '8', '8', '8', '7', '8', '8']","['8', '9', '4', '6', '6', '6', '8', '8']","['3', '2', '1', '2', '1', '6', '3', '2']","['2', '2', '8', '6', '7', '6', '2', '4']","['5', '5', '7', '7', '3', '4', '5', '5']","['6', '7', '6', '7', '7', '6', '6', '5']","['2', '3', '5', '2', '2', '2', '4', '3']","['2', '2', '2', '2', '2', '2', '1', '2']","['6', '6', '3', '8', '4', '7', '4', '6']"
37,1012,1,2,"['8', '7', '7', '7', '8', '8', '8', '8']","['6', '6', '6', '7', '6', '2', '6', '8']","['2', '2', '2', '3', '2', '8', '3', '4']","['7', '8', '8', '6', '8', '2', '7', '6']","['9', '7', '8', '8', '5', '1', '3', '5']","['6', '6', '6', '4', '6', '6', '6', '6']","['3', '2', '4', '3', '2', '2', '2', '3']","['2', '2', '2', '2', '2', '2', '2', '1']","['4', '5', '2', '7', '7', '2', '7', '7']"
38,1012,2,1,"['4', '4', '4', '7', '6', '4', '6', '4']","['3', '4', '3', '8', '8', '8', '9', '7']","['8', '8', '7', '5', '2', '6', '2', '2']","['2', '2', '3', '5', '2', '6', '2', '8']","['2', '2', '3', '2', '3', '7', '5', '2']","['7', '7', '8', '4', '6', '4', '6', '5']","['2', '2', '2', '2', '3', '3', '2', '2']","['2', '2', '2', '2', '2', '2', '2', '2']","['4', '5', '6', '8', '3', '6', '7', '3']"
39,1012,2,2,"['7', '7', '7', '7', '6', '6', '5', '5']","['6', '6', '4', '8', '3', '6', '7', '7']","['3', '2', '2', '2', '2', '7', '1', '2']","['4', '2', '3', '4', '2', '2', '2', '2']","['2', '7', '2', '5', '4', '2', '6', '7']","['3', '4', '4', '6', '4', '5', '5', '5']","['2', '3', '2', '2', '2', '2', '2', '2']","['2', '2', '2', '2', '2', '2', '2', '2']","['8', '4', '6', '6', '3', '4', '4', '4']"
40,1013,1,1,"['6', '7', '8', '8', '8', '9', '9', '9']","['9', '6', '9', '9', '8', '7', '8', '6']","['3', '2', '3', '3', '2', '9', '1', '2']","['6', '8', '6', '6', '6', '3', '2', '8']","['3', '7', '3', '3', '3', '5', '5', '6']","['4', '7', '5', '5', '5', '6', '5', '5']","['4', '8', '6', '7', '7', '8', '6', '9']","['7', '4', '7', '8', '7', '7', '7', '1']","['7', '7', '7', '8', '8', '7', '7', '7']"
41,1013,1,2,"['7', '8', '8', '8', '8', '8', '8', '8']","['6', '8', '9', '8', '7', '6', '8', '8']","['2', '2', '2', '1', '1', '8', '2', '3']","['3', '7', '6', '7', '3', '2', '2', '7']","['1', '6', '3', '3', '5', '7', '5', '4']","['4', '6', '4', '5', '5', '5', '5', '4']","['7', '8', '7', '4', '7', '8', '7', '8']","['8', '7', '8', '7', '6', '7', '7', '7']","['8', '9', '8', '4', '4', '9', '7', '6']"
42,1013,2,1,"['5', '6', '7', '7', '7', '7', '7', '5']","['8', '8', '7', '8', '8', '4', '7', '7']","['6', '7', '8', '6', '4', '8', '2', '3']","['2', '6', '3', '3', '4', '4', '2', '2']","['3', '5', '4', '4', '4', '6', '5', '4']","['5', '6', '6', '5', '5', '5', '5', '5']","['8', '8', '8', '8', '7', '8', '7', '7']","['6', '6', '6', '4', '6', '3', '6', '3']","['7', '8', '7', '7', '7', '8', '2', '4']"
43,1013,2,2,"['4', '4', '6', '5', '6', '5', '4', '4']","['7', '6', '4', '4', '6', '6', '6', '3']","['2', '8', '7', '4', '3', '6', '3', '3']","['2', '6', '8', '7', '9', '4', '9', '8']","['4', '5', '7', '7', '6', '5', '6', '6']","['5', '6', '6', '5', '5', '5', '5', '5']","['8', '9', '8', '8', '9', '7', '8', '8']","['6', '6', '3', '2', '3', '1', '3', '4']","['7', '7', '8', '8', '8', '3', '7', '7']"
44,1014,1,1,"['7', '7', '7', '7', '7', '7', '7', '7']","['7', '4', '7', '7', '7', '7', '7', '7']","['6', '7', '4', '4', '7', '7', '7', '7']","['6', '7', '7', '7', '3', '3', '3', '3']","['3', '4', '7', '4', '7', '7', '7', '7']","['7', '7', '7', '7', '3', '7', '7', '7']","['6', '7', '7', '7', '7', '7', '8', '7']","['4', '4', '7', '7', '8', '7', '6', '4']","['6', '7', '4', '7', '7', '7', '7', '7']"
45,1014,1,2,"['3', '3', '7', '4', '3', '3', '7', '3']","['6', '7', '4', '4', '7', '5', '7', '7']","['8', '7', '8', '8', '8', '8', '4', '4']","['3', '3', '4', '3', '7', '3', '7', '3']","['3', '3', '3', '3', '3', '3', '4', '4']","['7', '7', '8', '8', '8', '8', '8', '7']","['7', '6', '8', '7', '8', '7', '7', '6']","['4', '7', '4', '4', '3', '7', '3', '4']","['7', '7', '7', '7', '8', '7', '7', '7']"
46,1014,2,1,"['8', '7', '6', '7', '7', '7', '7', '6']","['8', '7', '4', '3', '7', '7', '8', '7']","['9', '7', '9', '8', '5', '7', '8', '7']","['4', '7', '2', '7', '6', '7', '8', '5']","['2', '3', '6', '7', '4', '3', '8', '4']","['7', '8', '7', '8', '8', '8', '8', '8']","['7', '8', '8', '3', '8', '8', '7', '7']","['5', '8', '3', '7', '6', '8', '4', '6']","['7', '8', '7', '7', '7', '7', '3', '5']"
47,1014,2,2,"['7', '7', '7', '8', '7', '8', '7', '8']","['4', '4', '4', '8', '6', '7', '7', '6']","['8', '6', '8', '7', '5', '7', '8', '7']","['7', '7', '6', '8', '7', '5', '6', '7']","['8', '7', '3', '3', '3', '5', '9', '4']","['8', '7', '6', '7', '7', '7', '7', '7']","['7', '4', '7', '8', '7', '9', '6', '7']","['8', '8', '6', '6', '7', '5', '5', '7']","['8', '7', '8', '7', '7', '9', '7', '7']"
48,1015,1,1,"['7', '7', '7', '7', '7', '8', '6', '7']","['2', '2', '2', '2', '2', '8', '2', '2']","['2', '2', '2', '2', '2', '1', '7', '2']","['8', '7', '8', '8', '8', '2', '2', '7']","['7', '2', '2', '2', '3', '2', '4', '8']","['6', '7', '6', '7', '6', '6', '6', '6']","['4', '8', '8', '8', '7', '4', '7', '8']","['4', '2', '2', '2', '4', '1', '3', '2']","['6', '6', '8', '8', '7', '7', '8', '7']"
49,1015,1,2,"['7', '6', '7', '6', '6', '7', '6', '5']","['6', '2', '2', '2', '2', '2', '2', '2']","['1', '2', '2', '7', '7', '3', '2', '2']","['7', '8', '8', '6', '3', '8', '8', '8']","['2', '2', '5', '7', '3', '2', '6', '5']","['5', '7', '7', '7', '6', '6', '7', '7']","['7', '7', '7', '6', '8', '8', '6', '8']","['6', '2', '2', '6', '3', '4', '3', '2']","['7', '7', '7', '4', '8', '8', '3', '8']"
50,1015,2,1,"['7', '7', '7', '7', '7', '7', '7', '7']","['2', '4', '2', '2', '2', '2', '2', '2']","['7', '3', '8', '3', '3', '3', '2', '3']","['3', '3', '2', '8', '8', '6', '7', '8']","['3', '3', '2', '5', '5', '8', '2', '2']","['6', '5', '6', '5', '7', '6', '6', '6']","['8', '2', '8', '8', '7', '7', '7', '8']","['3', '8', '2', '2', '2', '3', '2', '2']","['7', '6', '7', '8', '7', '7', '6', '8']"
51,1015,2,2,"['7', '7', '7', '7', '7', '7', '7', '7']","['2', '2', '2', '2', '2', '2', '2', '2']","['2', '2', '2', '2', '6', '2', '3', '2']","['7', '7', '7', '7', '7', '8', '6', '8']","['8', '8', '8', '2', '2', '8', '8', '7']","['6', '5', '5', '7', '6', '4', '6', '6']","['8', '7', '7', '8', '8', '8', '8', '8']","['2', '2', '7', '3', '2', '3', '4', '6']","['6', '8', '6', '7', '8', '7', '7', '7']"
52,1016,1,1,"['3', '6', '6', '6', '8', '8', '8', '9']","['6', '5', '6', '6', '8', '7', '8', '8']","['4', '7', '7', '8', '8', '8', '9', '9']","['7', '3', '3', '2', '2', '2', '3', '6']","['3', '3', '3', '2', '2', '2', '1', '1']","['7', '7', '4', '4', '2', '2', '1', '2']","['7', '7', '7', '3', '7', '6', '3', '8']","['7', '4', '3', '7', '8', '8', '7', '2']","['7', '6', '6', '6', '8', '8', '9', '9']"
53,1016,1,2,"['4', '7', '6', '7', '6', '4', '3', '3']","['6', '3', '6', '6', '4', '7', '8', '9']","['7', '7', '7', '8', '8', '4', '8', '6']","['4', '2', '3', '4', '2', '7', '3', '2']","['3', '3', '2', '1', '3', '3', '1', '2']","['8', '7', '6', '6', '6', '4', '2', '2']","['7', '9', '7', '8', '8', '5', '6', '7']","['3', '3', '3', '3', '3', '4', '4', '3']","['7', '7', '7', '7', '6', '7', '5', '7']"
54,1016,2,1,"['4', '6', '4', '4', '7', '4', '3', '5']","['4', '6', '5', '9', '3', '7', '7', '6']","['6', '7', '7', '4', '7', '8', '6', '8']","['3', '4', '3', '7', '6', '6', '2', '3']","['5', '6', '6', '3', '2', '2', '2', '6']","['8', '8', '7', '7', '8', '3', '4', '2']","['9', '9', '7', '8', '8', '4', '6', '7']","['2', '3', '3', '2', '3', '3', '3', '7']","['7', '6', '7', '6', '7', '4', '7', '7']"
55,1016,2,2,"['3', '3', '3', '2', '2', '3', '3', '3']","['4', '3', '5', '6', '6', '7', '9', '9']","['4', '7', '3', '8', '8', '9', '6', '6']","['8', '6', '7', '4', '3', '2', '3', '3']","['7', '8', '7', '2', '3', '2', '4', '3']","['8', '3', '7', '4', '7', '6', '4', '3']","['9', '7', '7', '3', '8', '7', '7', '3']","['2', '4', '2', '7', '2', '3', '3', '6']","['7', '6', '6', '3', '6', '8', '6', '8']"
56,1017,1,1,"['3', '6', '8', '9', '9', '8', '9', '9']","['7', '6', '8', '9', '9', '9', '9', '9']","['1', '4', '4', '6', '7', '8', '1', '7']","['1', '1', '1', '1', '1', '1', '1', '1']","['3', '1', '1', '6', '2', '7', '2', '7']","['5', '5', '5', '5', '5', '5', '5', '5']","['1', '1', '1', '1', '1', '8', '4', '6']","['6', '6', '5', '7', '8', '7', '6', '3']","['1', '6', '8', '6', '7', '8', '7', '8']"
57,1017,1,2,"['3', '2', '3', '3', '4', '4', '5', '6']","['5', '7', '1', '7', '9', '8', '6', '2']","['5', '7', '7', '7', '7', '7', '8', '8']","['5', '6', '6', '8', '1', '1', '6', '1']","['2', '1', '6', '2', '6', '3', '5', '3']","['4', '4', '6', '4', '5', '6', '4', '5']","['7', '3', '8', '7', '8', '9', '6', '6']","['3', '8', '3', '1', '1', '1', '2', '5']","['2', '8', '8', '8', '7', '6', '6', '7']"
58,1017,2,1,"['2', '2', '3', '3', '4', '4', '4', '2']","['7', '3', '1', '3', '1', '2', '7', '3']","['1', '8', '8', '8', '8', '7', '7', '7']","['1', '1', '1', '1', '1', '3', '6', '6']","['2', '2', '1', '3', '3', '3', '6', '3']","['4', '6', '5', '3', '5', '6', '5', '5']","['5', '2', '1', '1', '3', '7', '7', '8']","['6', '9', '9', '8', '4', '7', '2', '1']","['8', '7', '7', '7', '6', '6', '6', '5']"
59,1017,2,2,"['6', '7', '7', '5', '6', '6', '4', '3']","['8', '2', '1', '1', '5', '2', '1', '1']","['2', '8', '7', '7', '1', '8', '7', '7']","['4', '6', '2', '2', '1', '1', '6', '4']","['2', '4', '4', '2', '4', '4', '4', '7']","['2', '6', '5', '5', '3', '4', '4', '6']","['6', '7', '6', '6', '1', '1', '3', '1']","['7', '6', '1', '2', '4', '7', '6', '5']","['6', '4', '2', '2', '3', '7', '4', '7']"
60,1018,1,1,"['4', '6', '8', '3', '7', '6', '6', '6']","['9', '7', '6', '5', '6', '9', '9', '9']","['2', '5', '8', '1', '9', '1', '1', '1']","['1', '5', '2', '1', '1', '6', '9', '1']","['1', '5', '1', '3', '5', '9', '9', '1']","['5', '5', '5', '5', '5', '5', '5', '5']","['1', '1', '2', '1', '9', '9', '9', '1']","['7', '8', '9', '5', '1', '1', '3', '9']","['8', '9', '9', '1', '9', '6', '9', '1']"
61,1018,1,2,"['5', '6', '6', '6', '6', '6', '8', '6']","['6', '6', '8', '6', '1', '9', '6', '8']","['9', '1', '2', '1', '1', '5', '9', '6']","['1', '1', '1', '7', '1', '5', '1', '1']","['1', '1', '5', '5', '9', '9', '1', '1']","['5', '5', '5', '5', '5', '5', '5', '5']","['8', '1', '8', '2', '9', '9', '9', '9']","['1', '7', '2', '6', '1', '3', '1', '8']","['7', '9', '5', '8', '9', '9', '9', '9']"
62,1018,2,1,"['7', '9', '8', '8', '8', '7', '7', '6']","['6', '3', '2', '7', '3', '8', '3', '7']","['1', '9', '3', '1', '9', '1', '8', '6']","['8', '1', '8', '1', '1', '1', '1', '1']","['1', '5', '8', '9', '4', '1', '3', '1']","['5', '6', '6', '5', '5', '4', '5', '4']","['1', '9', '9', '9', '6', '1', '9', '1']","['8', '1', '1', '2', '6', '9', '3', '9']","['3', '8', '9', '9', '7', '7', '6', '4']"
63,1018,2,2,"['9', '8', '7', '7', '8', '9', '7', '7']","['7', '7', '6', '7', '9', '1', '7', '9']","['3', '7', '5', '1', '9', '7', '7', '7']","['8', '8', '5', '9', '7', '7', '4', '6']","['4', '4', '3', '8', '1', '7', '1', '1']","['9', '9', '5', '6', '5', '9', '5', '4']","['9', '9', '1', '9', '9', '9', '6', '3']","['4', '3', '1', '1', '1', '1', '6', '7']","['9', '9', '1', '9', '9', '9', '3', '4']"
64,1020,1,1,"['7', '9', '7', '6', '7', '5', '7', '7']","['9', '9', '9', '6', '7', '8', '7', '8']","['2', '6', '2', '4', '4', '3', '6', '4']","['8', '3', '7', '7', '7', '7', '2', '8']","['1', '6', '1', '7', '9', '6', '2', '1']","['1', '7', '3', '3', '3', '8', '2', '1']","['4', '5', '6', '4', '8', '7', '2', '2']","['8', '6', '4', '3', '8', '9', '8', '7']","['2', '4', '7', '7', '2', '2', '2', '4']"
65,1020,1,2,"['7', '6', '8', '4', '3', '4', '3', '4']","['9', '9', '9', '6', '2', '7', '6', '7']","['6', '5', '2', '4', '7', '4', '6', '8']","['1', '7', '3', '3', '2', '5', '3', '7']","['2', '1', '1', '1', '1', '1', '1', '1']","['8', '6', '2', '2', '1', '1', '1', '1']","['8', '2', '4', '2', '4', '1', '2', '2']","['2', '6', '8', '8', '8', '8', '1', '1']","['7', '7', '7', '5', '8', '3', '1', '1']"
66,1021,1,1,"['8', '8', '7', '8', '9', '9', '8', '8']","['5', '2', '1', '2', '2', '2', '1', '5']","['4', '2', '6', '3', '2', '2', '2', '4']","['2', '7', '3', '9', '7', '7', '7', '8']","['2', '5', '5', '7', '8', '6', '5', '3']","['7', '6', '8', '8', '7', '7', '7', '7']","['3', '7', '7', '8', '9', '8', '8', '8']","['6', '5', '6', '3', '6', '3', '3', '2']","['6', '6', '7', '4', '5', '4', '4', '6']"
67,1021,1,2,"['8', '8', '5', '8', '9', '9', '9', '9']","['7', '8', '9', '7', '1', '9', '1', '5']","['2', '2', '2', '1', '2', '5', '3', '1']","['6', '9', '3', '8', '8', '6', '6', '9']","['3', '2', '5', '2', '7', '4', '5', '4']","['6', '5', '9', '5', '5', '5', '6', '6']","['8', '7', '8', '7', '5', '5', '8', '6']","['2', '2', '1', '3', '6', '6', '6', '2']","['4', '7', '6', '7', '7', '4', '7', '7']"
68,1021,2,1,"['4', '6', '6', '7', '7', '7', '7', '7']","['1', '5', '5', '1', '2', '2', '8', '5']","['1', '2', '3', '6', '3', '3', '6', '6']","['8', '6', '7', '6', '7', '7', '5', '4']","['8', '5', '5', '8', '7', '7', '4', '3']","['7', '7', '6', '8', '7', '6', '6', '5']","['9', '4', '6', '7', '7', '7', '4', '3']","['2', '5', '3', '4', '6', '3', '6', '7']","['4', '7', '6', '6', '3', '3', '7', '8']"
69,1021,2,2,"['6', '8', '6', '7', '7', '7', '6', '7']","['1', '3', '4', '2', '1', '2', '1', '6']","['2', '4', '3', '2', '2', '8', '2', '3']","['8', '7', '7', '7', '6', '2', '6', '7']","['7', '3', '1', '5', '4', '2', '8', '7']","['6', '7', '5', '6', '6', '7', '6', '7']","['9', '6', '5', '7', '7', '7', '7', '8']","['3', '6', '6', '7', '8', '6', '7', '6']","['6', '7', '5', '4', '7', '6', '6', '7']"
70,1022,1,1,"['7', '8', '7', '7', '7', '8', '7', '6']","['8', '7', '9', '7', '7', '3', '7', '8']","['7', '4', '7', '1', '7', '7', '4', '3']","['2', '4', '3', '1', '2', '7', '9', '3']","['1', '8', '1', '5', '2', '6', '1', '4']","['5', '6', '5', '4', '4', '5', '5', '6']","['3', '8', '9', '7', '6', '8', '2', '7']","['5', '3', '1', '7', '2', '2', '8', '4']","['4', '3', '8', '2', '7', '4', '7', '7']"
71,1022,1,2,"['7', '6', '6', '7', '7', '5', '4', '3']","['9', '7', '7', '7', '8', '8', '8', '7']","['7', '8', '6', '2', '3', '8', '2', '7']","['4', '2', '4', '2', '7', '2', '8', '3']","['1', '1', '1', '1', '7', '2', '3', '2']","['3', '3', '5', '3', '6', '5', '6', '4']","['6', '4', '5', '7', '9', '8', '9', '4']","['3', '2', '3', '3', '2', '2', '2', '3']","['4', '6', '1', '7', '6', '2', '4', '1']"
72,1022,2,1,"['3', '3', '3', '2', '2', '3', '3', '1']","['7', '6', '3', '7', '8', '1', '8', '7']","['3', '2', '9', '4', '5', '2', '2', '3']","['3', '9', '1', '4', '5', '3', '8', '8']","['2', '1', '7', '1', '2', '1', '3', '1']","['3', '4', '7', '3', '6', '5', '7', '5']","['3', '7', '8', '3', '7', '9', '8', '7']","['7', '3', '2', '8', '5', '1', '7', '3']","['3', '4', '7', '7', '4', '1', '7', '7']"
73,1022,2,2,"['2', '3', '4', '4', '4', '5', '4', '4']","['8', '8', '2', '8', '6', '8', '2', '7']","['7', '2', '1', '5', '9', '2', '8', '8']","['2', '8', '1', '7', '1', '2', '2', '2']","['2', '9', '1', '8', '6', '3', '1', '2']","['7', '7', '7', '6', '7', '6', '4', '6']","['3', '8', '3', '8', '8', '7', '9', '4']","['7', '2', '8', '2', '2', '9', '2', '8']","['7', '7', '7', '4', '7', '4', '8', '2']"
74,1023,1,1,"['7', '6', '6', '4', '6', '6', '7', '7']","['7', '4', '7', '7', '3', '6', '6', '6']","['3', '8', '7', '2', '3', '3', '7', '9']","['5', '4', '4', '2', '8', '6', '4', '6']","['3', '7', '3', '4', '7', '2', '6', '2']","['6', '7', '5', '5', '7', '5', '5', '4']","['5', '6', '5', '6', '7', '6', '3', '8']","['5', '4', '5', '3', '2', '4', '7', '4']","['4', '3', '3', '2', '6', '7', '7', '7']"
75,1023,1,2,"['4', '4', '6', '4', '3', '6', '4', '7']","['4', '7', '4', '4', '4', '6', '5', '9']","['4', '3', '4', '6', '6', '7', '3', '1']","['6', '6', '7', '3', '6', '4', '7', '6']","['2', '4', '6', '7', '3', '2', '8', '7']","['4', '5', '8', '7', '7', '5', '7', '6']","['5', '6', '8', '8', '5', '3', '9', '7']","['3', '3', '3', '6', '5', '7', '3', '4']","['4', '6', '6', '6', '2', '4', '4', '7']"
76,1023,2,1,"['3', '3', '4', '6', '4', '4', '3', '2']","['7', '6', '3', '3', '8', '6', '4', '2']","['4', '3', '9', '7', '7', '9', '9', '5']","['6', '5', '1', '6', '7', '1', '2', '7']","['3', '1', '6', '8', '2', '2', '2', '8']","['5', '4', '7', '6', '5', '5', '7', '7']","['7', '4', '8', '9', '5', '7', '9', '8']","['4', '3', '3', '1', '5', '7', '1', '8']","['3', '4', '4', '3', '3', '3', '4', '2']"
77,1023,2,2,"['6', '7', '6', '6', '4', '7', '3', '6']","['8', '3', '6', '1', '8', '3', '8', '3']","['2', '9', '3', '3', '4', '7', '6', '9']","['2', '6', '7', '9', '7', '7', '6', '3']","['4', '8', '1', '6', '2', '9', '1', '8']","['5', '8', '3', '6', '6', '8', '4', '5']","['7', '8', '5', '7', '3', '7', '6', '6']","['1', '1', '5', '6', '3', '2', '2', '6']","['1', '6', '3', '7', '7', '7', '4', '7']"
78,1024,1,1,"['9', '8', '9', '9', '9', '9', '9', '8']","['9', '9', '9', '9', '9', '9', '9', '9']","['1', '1', '9', '1', '7', '4', '7', '8']","['9', '8', '2', '8', '9', '9', '3', '8']","['3', '8', '9', '7', '2', '7', '1', '2']","['5', '4', '7', '4', '5', '3', '7', '8']","['1', '7', '7', '1', '1', '1', '7', '7']","['7', '2', '4', '6', '6', '3', '2', '2']","['4', '7', '6', '7', '8', '7', '7', '2']"
79,1024,1,2,"['8', '8', '8', '9', '9', '8', '8', '8']","['9', '7', '9', '9', '9', '9', '9', '9']","['2', '9', '2', '2', '6', '1', '4', '9']","['9', '2', '7', '9', '8', '8', '9', '9']","['6', '1', '1', '1', '2', '1', '3', '1']","['6', '9', '4', '6', '4', '3', '3', '7']","['1', '8', '2', '9', '4', '3', '8', '8']","['3', '7', '7', '2', '8', '7', '3', '2']","['7', '6', '7', '7', '7', '8', '8', '8']"
80,1024,2,1,"['8', '9', '9', '9', '9', '9', '9', '9']","['6', '3', '9', '3', '2', '3', '1', '9']","['2', '2', '7', '9', '1', '9', '9', '2']","['9', '9', '7', '9', '9', '7', '6', '9']","['8', '9', '2', '1', '8', '9', '9', '2']","['9', '9', '4', '8', '7', '7', '8', '6']","['9', '9', '1', '7', '8', '1', '6', '1']","['2', '2', '7', '7', '1', '8', '6', '6']","['9', '9', '7', '9', '7', '8', '7', '6']"
81,1024,2,2,"['9', '9', '9', '9', '9', '9', '9', '9']","['3', '2', '9', '9', '9', '7', '6', '9']","['2', '3', '7', '3', '6', '7', '9', '7']","['9', '9', '7', '9', '9', '9', '6', '8']","['7', '8', '1', '8', '1', '8', '1', '8']","['9', '6', '3', '8', '3', '8', '8', '4']","['9', '3', '2', '9', '2', '9', '9', '2']","['3', '9', '6', '3', '7', '4', '9', '8']","['8', '9', '8', '8', '8', '8', '7', '7']"
82,1025,1,1,"['7', '6', '7', '6', '6', '4', '7', '3']","['1', '1', '1', '9', '1', '1', '6', '1']","['1', '1', '1', '1', '9', '1', '8', '1']","['1', '9', '6', '1', '1', '1', '8', '1']","['5', '7', '9', '1', '1', '8', '1', '5']","['7', '7', '9', '5', '5', '9', '5', '5']","['6', '7', '8', '5', '1', '1', '1', '5']","['4', '7', '8', '6', '9', '9', '9', '5']","['6', '9', '9', '6', '8', '9', '8', '1']"
83,1025,1,2,"['5', '5', '4', '4', '5', '4', '6', '5']","['7', '7', '7', '8', '8', '9', '6', '9']","['1', '1', '8', '1', '1', '8', '5', '2']","['1', '8', '8', '1', '1', '6', '2', '2']","['5', '7', '8', '1', '1', '1', '6', '1']","['5', '8', '8', '5', '5', '6', '5', '5']","['5', '8', '8', '3', '8', '3', '7', '1']","['9', '7', '7', '6', '8', '9', '7', '9']","['8', '9', '9', '8', '8', '9', '9', '7']"
84,1025,2,1,"['5', '5', '6', '4', '4', '3', '4', '2']","['8', '1', '8', '7', '7', '8', '8', '8']","['1', '5', '1', '1', '1', '5', '7', '4']","['1', '8', '1', '7', '7', '7', '6', '4']","['5', '8', '3', '1', '1', '2', '1', '1']","['5', '7', '6', '5', '5', '5', '5', '5']","['9', '7', '4', '4', '3', '7', '8', '2']","['1', '6', '6', '1', '8', '7', '6', '6']","['7', '5', '8', '6', '6', '4', '3', '2']"
85,1025,2,2,"['8', '9', '8', '7', '7', '6', '7', '8']","['7', '7', '2', '5', '1', '6', '1', '8']","['1', '1', '9', '8', '1', '5', '1', '1']","['9', '1', '1', '7', '9', '2', '9', '1']","['2', '3', '1', '1', '7', '1', '5', '8']","['5', '5', '5', '7', '5', '5', '4', '5']","['8', '1', '1', '6', '8', '4', '7', '8']","['7', '1', '7', '9', '2', '7', '7', '8']","['9', '6', '9', '8', '4', '7', '9', '9']"
86,1026,1,1,"['7', '7', '6', '6', '6', '6', '6', '6']","['1', '1', '3', '4', '1', '2', '3', '3']","['9', '6', '4', '9', '7', '7', '9', '4']","['1', '3', '6', '1', '7', '6', '2', '7']","['7', '1', '1', '5', '2', '4', '7', '7']","['6', '5', '6', '6', '6', '4', '6', '9']","['7', '4', '6', '9', '8', '7', '4', '9']","['1', '2', '2', '2', '2', '3', '6', '1']","['5', '3', '6', '5', '6', '7', '3', '7']"
87,1026,1,2,"['5', '5', '4', '4', '6', '4', '4', '3']","['6', '7', '4', '7', '1', '3', '3', '1']","['3', '5', '2', '5', '3', '4', '9', '3']","['7', '5', '2', '6', '7', '9', '2', '9']","['7', '3', '9', '1', '5', '7', '1', '4']","['7', '5', '5', '6', '9', '6', '7', '7']","['7', '8', '9', '9', '8', '7', '9', '9']","['3', '2', '1', '1', '2', '2', '3', '1']","['4', '4', '6', '3', '8', '8', '5', '7']"
88,1026,2,1,"['8', '8', '8', '8', '8', '7', '7', '7']","['4', '3', '3', '7', '7', '3', '3', '5']","['3', '3', '9', '1', '1', '9', '7', '9']","['9', '9', '2', '9', '1', '6', '4', '3']","['7', '2', '3', '7', '1', '6', '1', '1']","['8', '8', '7', '9', '3', '9', '8', '9']","['7', '8', '9', '7', '1', '7', '9', '9']","['1', '1', '1', '1', '1', '1', '1', '1']","['9', '9', '6', '6', '7', '9', '3', '7']"
89,1026,2,2,"['6', '5', '4', '4', '4', '3', '3', '3']","['6', '6', '1', '3', '3', '3', '4', '3']","['9', '9', '1', '7', '9', '1', '9', '6']","['1', '3', '9', '1', '1', '9', '3', '4']","['1', '8', '9', '4', '3', '7', '1', '1']","['5', '9', '4', '5', '7', '4', '5', '7']","['9', '7', '9', '7', '9', '9', '8', '7']","['1', '2', '3', '6', '3', '1', '1', '2']","['6', '7', '3', '4', '8', '9', '5', '8']"
90,1027,1,1,"['8', '8', '9', '9', '9', '9', '9', '9']","['9', '2', '1', '6', '1', '1', '5', '1']","['1', '8', '7', '4', '9', '9', '1', '6']","['1', '1', '1', '4', '1', '1', '6', '5']","['2', '6', '5', '3', '7', '1', '4', '5']","['4', '8', '7', '5', '7', '7', '6', '6']","['1', '6', '8', '3', '6', '6', '8', '7']","['8', '6', '3', '8', '7', '8', '4', '6']","['8', '4', '8', '8', '3', '4', '7', '7']"
91,1027,1,2,"['9', '9', '9', '9', '9', '9', '9', '9']","['4', '1', '8', '1', '1', '1', '2', '1']","['6', '7', '4', '7', '3', '6', '9', '9']","['6', '6', '6', '6', '6', '6', '1', '1']","['4', '6', '3', '8', '9', '9', '5', '5']","['6', '7', '4', '7', '6', '7', '6', '8']","['6', '7', '3', '4', '8', '4', '6', '6']","['6', '7', '7', '7', '4', '8', '8', '7']","['8', '7', '8', '4', '4', '8', '4', '4']"
92,1027,2,1,"['8', '8', '8', '8', '8', '8', '8', '8']","['1', '7', '2', '1', '1', '1', '1', '1']","['6', '4', '6', '9', '2', '7', '9', '7']","['6', '6', '6', '1', '9', '7', '1', '6']","['4', '4', '5', '7', '3', '1', '2', '4']","['7', '5', '7', '6', '4', '4', '6', '4']","['7', '4', '7', '4', '7', '3', '3', '2']","['6', '7', '6', '7', '4', '7', '7', '8']","['4', '4', '6', '6', '7', '5', '8', '8']"
93,1027,2,2,"['8', '8', '8', '9', '9', '9', '9', '9']","['7', '1', '1', '1', '1', '1', '1', '1']","['6', '9', '9', '9', '8', '9', '9', '9']","['8', '1', '1', '1', '7', '2', '2', '2']","['4', '2', '6', '1', '1', '2', '1', '2']","['2', '8', '9', '7', '7', '7', '7', '7']","['4', '8', '8', '7', '1', '5', '6', '6']","['6', '3', '7', '8', '9', '8', '8', '8']","['7', '3', '7', '4', '9', '9', '9', '9']"
94,1028,1,1,"['1', '1', '1', '2', '2', '2', '2', '3']","['2', '9', '1', '1', '1', '2', '2', '1']","['6', '1', '7', '2', '9', '9', '9', '7']","['2', '1', '6', '8', '1', '1', '1', '2']","['2', '2', '7', '8', '3', '2', '1', '2']","['6', '3', '3', '2', '8', '7', '8', '1']","['2', '1', '4', '1', '7', '8', '6', '2']","['8', '6', '7', '8', '5', '6', '7', '6']","['7', '2', '7', '7', '3', '6', '4', '1']"
95,1028,1,2,"['2', '2', '3', '3', '2', '3', '4', '5']","['1', '1', '1', '1', '1', '1', '1', '1']","['1', '6', '7', '9', '8', '4', '8', '6']","['7', '7', '6', '1', '6', '7', '3', '7']","['9', '9', '2', '6', '9', '8', '3', '8']","['3', '2', '8', '9', '2', '1', '2', '1']","['8', '8', '4', '4', '3', '3', '6', '7']","['6', '7', '7', '6', '6', '8', '4', '6']","['6', '6', '6', '2', '6', '6', '7', '6']"
96,1028,2,1,"['4', '3', '3', '3', '3', '3', '3', '2']","['1', '1', '1', '1', '1', '1', '1', '1']","['1', '8', '9', '3', '8', '8', '9', '7']","['9', '4', '1', '6', '2', '2', '1', '3']","['2', '3', '7', '9', '7', '7', '3', '6']","['2', '3', '8', '7', '8', '9', '2', '2']","['1', '3', '7', '2', '6', '7', '3', '6']","['7', '7', '4', '7', '5', '6', '7', '4']","['4', '6', '7', '6', '7', '8', '7', '6']"
97,1028,2,2,"['3', '3', '2', '2', '2', '2', '2', '2']","['1', '1', '1', '1', '1', '1', '1', '1']","['6', '9', '8', '3', '1', '9', '8', '9']","['6', '1', '7', '8', '9', '6', '2', '1']","['2', '2', '6', '1', '7', '2', '9', '7']","['8', '8', '9', '8', '1', '9', '2', '8']","['8', '6', '6', '1', '7', '4', '2', '7']","['6', '7', '7', '9', '7', '7', '8', '7']","['7', '6', '8', '3', '6', '6', '2', '6']"
98,1029,1,1,"['9', '7', '7', '6', '6', '6', '7', '6']","['9', '7', '5', '4', '3', '8', '3', '3']","['2', '7', '6', '6', '3', '8', '8', '3']","['4', '1', '4', '3', '7', '1', '3', '7']","['6', '3', '4', '6', '8', '2', '9', '8']","['7', '6', '7', '6', '7', '4', '7', '6']","['8', '4', '9', '7', '9', '7', '9', '8']","['4', '7', '1', '2', '2', '4', '1', '6']","['6', '6', '7', '7', '7', '6', '9', '7']"
99,1029,1,2,"['4', '3', '6', '3', '3', '5', '6', '6']","['9', '4', '3', '4', '6', '3', '2', '1']","['8', '6', '6', '3', '8', '3', '2', '1']","['1', '3', '4', '6', '1', '7', '8', '9']","['2', '3', '8', '3', '1', '5', '7', '1']","['4', '4', '6', '6', '4', '6', '6', '3']","['6', '9', '9', '9', '6', '7', '6', '2']","['7', '1', '1', '1', '6', '6', '8', '8']","['1', '7', '7', '7', '7', '8', '9', '9']"
100,1029,2,1,"['4', '6', '6', '7', '6', '7', '4', '7']","['4', '3', '2', '7', '1', '2', '7', '9']","['4', '6', '3', '1', '3', '3', '6', '2']","['7', '2', '7', '9', '7', '8', '3', '4']","['6', '7', '6', '6', '9', '9', '6', '3']","['4', '6', '6', '3', '7', '8', '6', '4']","['9', '9', '1', '9', '8', '9', '9', '6']","['1', '1', '9', '1', '2', '1', '1', '3']","['4', '8', '8', '7', '6', '7', '7', '1']"
101,1029,2,2,"['8', '9', '8', '8', '7', '8', '7', '7']","['1', '1', '2', '2', '3', '6', '3', '3']","['1', '1', '3', '8', '2', '6', '2', '3']","['9', '9', '7', '6', '8', '4', '9', '7']","['9', '6', '8', '1', '4', '7', '3', '4']","['8', '7', '7', '4', '6', '4', '6', '6']","['8', '9', '7', '2', '9', '9', '7', '9']","['1', '1', '6', '8', '1', '1', '6', '1']","['9', '7', '8', '7', '8', '8', '7', '8']"
102,1030,1,1,"['8', '8', '8', '6', '7', '9', '9', '7']","['6', '1', '9', '9', '1', '9', '1', '1']","['7', '1', '8', '2', '7', '6', '9', '9']","['6', '6', '1', '8', '9', '7', '6', '7']","['2', '5', '1', '1', '9', '6', '1', '8']","['6', '8', '4', '4', '4', '9', '1', '2']","['1', '6', '1', '2', '4', '8', '2', '8']","['9', '9', '3', '5', '7', '3', '8', '7']","['9', '9', '3', '7', '9', '9', '4', '5']"
103,1030,1,2,"['8', '8', '8', '7', '8', '8', '8', '7']","['9', '9', '9', '1', '1', '8', '1', '1']","['3', '7', '4', '9', '9', '4', '9', '8']","['4', '5', '4', '6', '8', '8', '5', '7']","['1', '7', '1', '1', '8', '1', '8', '4']","['3', '4', '5', '9', '4', '4', '4', '7']","['7', '7', '6', '9', '6', '6', '6', '6']","['6', '6', '5', '7', '7', '6', '6', '6']","['9', '9', '5', '7', '8', '7', '6', '8']"
104,1030,2,1,"['8', '8', '8', '7', '7', '7', '7', '7']","['7', '9', '6', '3', '3', '6', '1', '8']","['1', '2', '9', '9', '5', '5', '8', '9']","['6', '9', '1', '7', '6', '4', '2', '3']","['5', '4', '2', '5', '5', '2', '6', '9']","['4', '5', '5', '5', '5', '4', '7', '6']","['6', '2', '1', '6', '5', '6', '6', '6']","['7', '8', '9', '8', '9', '6', '8', '9']","['6', '6', '4', '7', '9', '6', '7', '7']"
105,1030,2,2,"['6', '7', '6', '6', '5', '5', '5', '6']","['1', '1', '6', '2', '1', '1', '7', '5']","['5', '6', '6', '8', '6', '5', '8', '9']","['7', '6', '6', '7', '7', '7', '8', '2']","['5', '4', '5', '1', '9', '6', '1', '6']","['4', '6', '5', '6', '4', '6', '3', '5']","['7', '7', '4', '4', '2', '6', '5', '4']","['6', '7', '6', '8', '7', '7', '9', '7']","['6', '6', '4', '6', '6', '5', '6', '8']"
106,1031,1,1,"['9', '7', '7', '8', '6', '7', '8', '8']","['9', '1', '2', '4', '4', '3', '5', '3']","['1', '8', '9', '8', '7', '7', '3', '6']","['3', '2', '1', '2', '4', '4', '7', '6']","['1', '1', '6', '1', '6', '1', '6', '8']","['5', '4', '8', '8', '5', '4', '8', '7']","['2', '2', '8', '9', '7', '8', '3', '5']","['8', '8', '3', '1', '4', '3', '8', '5']","['6', '7', '7', '7', '3', '6', '7', '6']"
107,1031,1,2,"['9', '7', '7', '6', '7', '4', '4', '7']","['9', '3', '8', '7', '3', '3', '2', '2']","['2', '3', '2', '8', '1', '7', '7', '7']","['2', '7', '8', '3', '9', '3', '4', '4']","['3', '4', '7', '1', '7', '8', '7', '3']","['3', '7', '4', '9', '6', '8', '8', '4']","['4', '9', '8', '8', '9', '3', '4', '8']","['4', '4', '2', '2', '2', '8', '8', '3']","['4', '7', '6', '7', '6', '6', '6', '4']"
108,1031,2,1,"['3', '7', '6', '7', '7', '7', '6', '3']","['6', '2', '2', '3', '6', '6', '1', '7']","['3', '3', '1', '8', '7', '8', '7', '5']","['7', '6', '9', '2', '4', '2', '3', '5']","['5', '3', '2', '3', '2', '3', '3', '4']","['4', '6', '4', '7', '7', '7', '4', '5']","['4', '7', '7', '5', '6', '7', '8', '5']","['6', '3', '3', '5', '4', '2', '2', '5']","['4', '7', '6', '6', '7', '7', '6', '1']"
109,1031,2,2,"['4', '5', '3', '3', '3', '7', '7', '2']","['3', '4', '3', '2', '3', '3', '1', '6']","['2', '8', '3', '7', '7', '1', '9', '2']","['8', '2', '8', '4', '1', '7', '3', '6']","['8', '1', '7', '3', '3', '4', '3', '4']","['6', '7', '7', '7', '7', '6', '4', '4']","['8', '7', '7', '6', '8', '9', '2', '8']","['2', '3', '2', '3', '1', '1', '8', '2']","['7', '7', '6', '6', '7', '8', '6', '6']"
110,1032,1,1,"['5', '5', '5', '5', '5', '5', '5', '5']","['5', '5', '5', '5', '5', '5', '5', '5']","['5', '5', '5', '5', '5', '5', '5', '5']","['5', '5', '5', '5', '5', '5', '5', '5']","['5', '5', '5', '5', '5', '5', '5', '5']","['5', '5', '5', '5', '5', '5', '5', '5']","['5', '5', '5', '5', '5', '5', '5', '5']","['5', '5', '5', '5', '5', '5', '5', '5']","['5', '5', '5', '5', '5', '5', '5', '5']"
111,1032,1,2,"['7', '9', '9', '9', '9', '9', '9', '9']","['4', '6', '5', '6', '5', '7', '2', '9']","['9', '3', '9', '8', '6', '9', '3', '5']","['4', '9', '2', '6', '8', '3', '4', '5']","['5', '2', '1', '1', '5', '3', '7', '3']","['5', '8', '7', '6', '4', '5', '5', '7']","['5', '7', '9', '9', '9', '9', '7', '6']","['7', '5', '1', '2', '2', '2', '4', '5']","['8', '9', '9', '8', '8', '9', '2', '3']"
112,1032,2,1,"['3', '6', '8', '8', '7', '8', '6', '3']","['6', '6', '7', '6', '4', '2', '7', '9']","['8', '9', '5', '9', '4', '9', '7', '2']","['5', '2', '5', '4', '6', '1', '7', '2']","['1', '3', '2', '1', '6', '4', '5', '3']","['5', '7', '4', '5', '5', '8', '5', '5']","['1', '8', '8', '8', '2', '9', '4', '8']","['4', '3', '2', '2', '1', '4', '4', '4']","['4', '8', '7', '9', '2', '9', '7', '4']"
113,1032,2,2,"['4', '7', '8', '8', '9', '8', '8', '9']","['3', '6', '9', '3', '4', '5', '5', '7']","['8', '8', '5', '7', '9', '6', '8', '7']","['3', '2', '5', '4', '2', '5', '6', '7']","['3', '3', '8', '1', '2', '5', '5', '5']","['5', '7', '4', '5', '7', '7', '5', '4']","['8', '7', '9', '5', '8', '6', '6', '6']","['7', '4', '1', '4', '5', '4', '4', '4']","['4', '3', '9', '7', '8', '2', '6', '4']"
114,1033,1,1,"['7', '7', '7', '7', '7', '7', '7', '6']","['9', '9', '4', '4', '4', '4', '5', '3']","['8', '8', '5', '8', '7', '7', '7', '8']","['2', '3', '3', '3', '4', '4', '3', '3']","['2', '8', '4', '2', '7', '7', '4', '2']","['4', '8', '5', '4', '4', '6', '4', '3']","['7', '8', '9', '8', '8', '8', '8', '6']","['3', '2', '2', '2', '2', '3', '2', '2']","['6', '4', '6', '6', '6', '6', '6', '3']"
115,1033,1,2,"['6', '7', '7', '7', '6', '7', '7', '8']","['4', '3', '3', '3', '4', '3', '2', '2']","['7', '8', '8', '8', '9', '9', '2', '6']","['3', '3', '3', '2', '3', '3', '8', '6']","['6', '8', '2', '2', '6', '6', '8', '8']","['6', '9', '6', '3', '7', '6', '9', '8']","['8', '8', '8', '8', '9', '8', '9', '8']","['2', '2', '2', '3', '2', '2', '2', '3']","['4', '7', '4', '6', '6', '7', '7', '7']"
116,1033,2,1,"['5', '6', '6', '5', '4', '6', '6', '7']","['3', '4', '3', '3', '3', '3', '2', '2']","['8', '9', '7', '8', '8', '8', '8', '8']","['2', '3', '4', '4', '4', '2', '2', '3']","['7', '7', '2', '1', '6', '6', '8', '8']","['9', '9', '4', '3', '6', '8', '8', '8']","['7', '8', '6', '6', '8', '8', '8', '8']","['4', '2', '4', '2', '3', '2', '3', '3']","['4', '6', '3', '4', '6', '4', '7', '6']"
117,1033,2,2,"['7', '7', '6', '7', '7', '7', '7', '7']","['3', '4', '3', '3', '2', '2', '2', '2']","['8', '8', '8', '8', '7', '9', '9', '8']","['6', '3', '3', '3', '3', '2', '3', '6']","['7', '6', '7', '7', '2', '7', '3', '6']","['6', '8', '7', '4', '4', '7', '8', '7']","['7', '8', '7', '7', '7', '8', '8', '8']","['6', '3', '3', '3', '1', '2', '2', '1']","['4', '4', '7', '7', '3', '3', '8', '7']"
118,1034,1,1,"['7', '8', '8', '8', '8', '7', '7', '7']","['8', '8', '2', '2', '2', '8', '8', '8']","['4', '6', '3', '3', '3', '3', '5', '4']","['4', '4', '8', '7', '8', '3', '4', '4']","['3', '2', '4', '4', '4', '2', '3', '3']","['3', '5', '7', '6', '7', '5', '4', '2']","['3', '3', '9', '8', '8', '4', '4', '4']","['3', '6', '3', '3', '3', '6', '7', '6']","['3', '4', '7', '7', '8', '3', '3', '6']"
119,1034,1,2,"['7', '7', '7', '7', '7', '7', '7', '7']","['8', '3', '2', '2', '8', '8', '8', '7']","['3', '3', '3', '3', '3', '4', '7', '4']","['3', '7', '7', '7', '3', '4', '6', '4']","['3', '7', '8', '4', '2', '2', '2', '3']","['3', '5', '5', '7', '2', '2', '4', '4']","['4', '7', '7', '8', '3', '6', '6', '3']","['6', '3', '3', '2', '4', '3', '7', '3']","['6', '8', '8', '7', '6', '6', '7', '4']"
120,1034,2,1,"['4', '4', '3', '3', '3', '4', '4', '4']","['2', '7', '8', '7', '8', '8', '2', '2']","['2', '2', '2', '2', '2', '2', '2', '2']","['2', '2', '2', '2', '2', '2', '8', '7']","['5', '3', '4', '3', '5', '4', '4', '4']","['5', '4', '4', '4', '3', '4', '6', '6']","['2', '2', '2', '6', '7', '3', '8', '8']","['2', '2', '2', '2', '6', '3', '2', '2']","['2', '2', '2', '2', '6', '6', '7', '7']"
121,1034,2,2,"['4', '4', '3', '2', '3', '3', '3', '4']","['2', '8', '8', '7', '8', '7', '8', '8']","['2', '2', '2', '2', '2', '2', '2', '2']","['8', '2', '2', '2', '2', '7', '2', '2']","['5', '3', '4', '3', '4', '3', '4', '4']","['6', '3', '4', '3', '5', '4', '4', '4']","['8', '2', '2', '6', '7', '7', '7', '2']","['2', '2', '2', '3', '3', '6', '3', '2']","['7', '3', '6', '6', '6', '6', '6', '6']"
122,1035,1,1,"['4', '7', '7', '4', '3', '3', '3', '6']","['9', '1', '6', '1', '2', '1', '1', '2']","['1', '9', '1', '1', '1', '1', '1', '1']","['3', '2', '3', '8', '9', '9', '9', '9']","['7', '1', '1', '3', '7', '7', '1', '4']","['6', '7', '4', '6', '8', '5', '4', '8']","['2', '7', '6', '9', '9', '7', '9', '7']","['6', '3', '6', '1', '1', '4', '7', '7']","['3', '6', '4', '6', '8', '6', '4', '3']"
123,1035,1,2,"['7', '3', '3', '2', '3', '4', '3', '2']","['1', '1', '2', '7', '7', '1', '9', '1']","['1', '5', '9', '7', '1', '1', '1', '3']","['9', '8', '3', '7', '5', '9', '8', '7']","['4', '9', '1', '1', '4', '1', '8', '9']","['8', '9', '4', '3', '3', '8', '5', '9']","['9', '8', '7', '3', '9', '6', '8', '9']","['6', '1', '7', '8', '7', '8', '6', '4']","['9', '5', '3', '1', '6', '5', '7', '3']"
124,1035,2,1,"['2', '3', '2', '4', '2', '2', '2', '1']","['6', '1', '8', '6', '6', '1', '7', '2']","['6', '7', '2', '1', '1', '1', '1', '1']","['9', '1', '2', '7', '9', '7', '7', '7']","['1', '2', '4', '7', '1', '8', '6', '3']","['6', '6', '5', '7', '4', '8', '6', '8']","['6', '8', '2', '8', '4', '7', '4', '8']","['6', '6', '6', '3', '6', '3', '6', '2']","['2', '5', '2', '6', '1', '8', '7', '8']"
125,1035,2,2,"['3', '3', '3', '1', '2', '2', '1', '2']","['7', '6', '8', '8', '8', '1', '7', '1']","['1', '1', '1', '1', '2', '1', '1', '1']","['3', '6', '7', '9', '2', '9', '9', '8']","['5', '1', '8', '2', '1', '3', '1', '1']","['5', '6', '3', '2', '2', '7', '5', '7']","['4', '4', '5', '8', '6', '7', '6', '9']","['7', '4', '3', '6', '4', '7', '4', '4']","['3', '3', '1', '4', '2', '7', '1', '8']"
126,1036,1,1,"['3', '3', '3', '4', '6', '6', '6', '7']","['3', '4', '4', '8', '8', '9', '4', '3']","['3', '7', '7', '4', '4', '4', '6', '1']","['4', '4', '2', '6', '4', '4', '3', '9']","['4', '4', '4', '6', '6', '9', '1', '4']","['3', '4', '7', '4', '4', '6', '4', '6']","['5', '4', '8', '6', '9', '8', '8', '9']","['6', '6', '2', '4', '2', '3', '2', '1']","['4', '6', '6', '6', '7', '4', '6', '7']"
127,1036,1,2,"['3', '4', '6', '7', '7', '8', '7', '8']","['7', '7', '7', '3', '8', '2', '3', '2']","['4', '6', '8', '9', '8', '9', '7', '9']","['4', '4', '2', '2', '3', '2', '2', '1']","['1', '3', '3', '6', '6', '2', '1', '2']","['3', '3', '7', '8', '4', '7', '3', '4']","['4', '6', '8', '8', '7', '9', '3', '4']","['6', '4', '2', '2', '3', '3', '8', '7']","['7', '7', '7', '6', '6', '7', '7', '7']"
128,1036,2,1,"['4', '6', '6', '7', '7', '7', '8', '7']","['7', '9', '3', '2', '2', '2', '2', '4']","['4', '4', '1', '9', '2', '7', '9', '8']","['4', '4', '9', '1', '9', '3', '1', '2']","['1', '6', '6', '2', '7', '6', '2', '2']","['3', '4', '6', '8', '8', '6', '3', '7']","['6', '7', '7', '7', '7', '7', '4', '8']","['3', '4', '4', '3', '2', '3', '4', '2']","['7', '6', '8', '7', '8', '3', '3', '3']"
129,1036,2,2,"['6', '7', '7', '7', '7', '7', '7', '7']","['9', '5', '2', '6', '3', '1', '3', '1']","['9', '7', '9', '4', '9', '9', '7', '6']","['2', '3', '3', '6', '4', '3', '4', '6']","['4', '3', '4', '6', '6', '7', '4', '1']","['4', '6', '9', '8', '7', '7', '8', '7']","['7', '7', '8', '7', '7', '8', '8', '8']","['3', '3', '2', '2', '3', '3', '3', '3']","['1', '2', '4', '6', '4', '4', '6', '3']"
130,1037,1,1,"['5', '5', '5', '4', '3', '2', '2', '3']","['5', '4', '4', '5', '1', '1', '1', '1']","['4', '5', '2', '5', '1', '2', '2', '5']","['2', '3', '2', '4', '2', '4', '5', '2']","['4', '5', '5', '5', '5', '5', '3', '5']","['5', '5', '5', '5', '5', '5', '5', '5']","['3', '2', '3', '5', '5', '5', '5', '5']","['4', '5', '5', '2', '1', '2', '1', '2']","['5', '5', '5', '5', '5', '3', '4', '3']"
131,1037,1,2,"['4', '4', '3', '4', '2', '3', '3', '3']","['2', '1', '1', '1', '6', '3', '3', '1']","['2', '2', '2', '7', '3', '1', '9', '6']","['6', '6', '9', '6', '7', '9', '1', '6']","['3', '4', '1', '9', '4', '5', '2', '1']","['2', '7', '5', '7', '5', '7', '9', '7']","['7', '7', '8', '8', '8', '8', '8', '3']","['4', '4', '3', '1', '1', '2', '6', '8']","['5', '6', '6', '7', '3', '7', '6', '6']"
132,1037,2,1,"['2', '3', '4', '4', '4', '5', '5', '4']","['7', '2', '2', '3', '2', '2', '2', '7']","['5', '6', '5', '3', '6', '7', '7', '2']","['7', '6', '7', '7', '6', '6', '6', '8']","['5', '3', '9', '2', '8', '2', '3', '5']","['3', '7', '9', '6', '8', '7', '6', '6']","['1', '8', '8', '9', '9', '4', '5', '8']","['8', '1', '2', '1', '1', '7', '6', '3']","['7', '6', '7', '7', '7', '7', '4', '8']"
133,1037,2,2,"['6', '5', '4', '4', '4', '3', '3', '3']","['3', '3', '2', '2', '2', '2', '3', '3']","['1', '1', '1', '1', '6', '7', '1', '7']","['9', '9', '9', '9', '7', '7', '6', '7']","['7', '3', '6', '5', '5', '4', '3', '1']","['6', '5', '5', '7', '7', '4', '7', '5']","['8', '8', '7', '9', '8', '6', '8', '9']","['6', '5', '7', '1', '6', '4', '2', '2']","['6', '6', '4', '6', '7', '6', '6', '8']"
134,1038,1,1,"['5', '8', '6', '4', '3', '3', '2', '2']","['3', '7', '8', '3', '3', '4', '4', '7']","['8', '3', '2', '9', '8', '7', '7', '3']","['2', '3', '2', '2', '2', '1', '6', '6']","['7', '3', '2', '7', '7', '1', '3', '2']","['6', '3', '4', '7', '6', '5', '7', '3']","['1', '3', '4', '6', '3', '3', '6', '6']","['6', '8', '6', '6', '8', '6', '7', '6']","['4', '6', '2', '4', '4', '3', '6', '3']"
135,1038,1,2,"['6', '7', '8', '8', '7', '7', '7', '7']","['3', '4', '7', '8', '3', '7', '2', '9']","['2', '3', '4', '2', '3', '8', '3', '3']","['8', '5', '3', '6', '7', '7', '8', '6']","['3', '2', '1', '4', '1', '2', '6', '4']","['4', '4', '8', '4', '6', '6', '7', '3']","['3', '6', '1', '4', '1', '7', '2', '2']","['7', '6', '3', '6', '7', '4', '8', '4']","['4', '4', '4', '6', '3', '3', '4', '3']"
136,1038,2,1,"['6', '4', '4', '3', '3', '3', '3', '3']","['3', '9', '7', '4', '3', '2', '7', '3']","['9', '4', '4', '6', '8', '7', '3', '2']","['3', '3', '7', '3', '2', '7', '8', '8']","['3', '3', '2', '2', '7', '7', '3', '8']","['5', '3', '3', '4', '6', '7', '7', '7']","['6', '1', '6', '4', '7', '6', '3', '7']","['3', '6', '3', '6', '4', '3', '7', '5']","['4', '6', '6', '3', '6', '6', '6', '3']"
137,1038,2,2,"['6', '7', '7', '7', '7', '7', '7', '6']","['2', '3', '2', '7', '2', '7', '2', '7']","['8', '8', '6', '3', '3', '3', '6', '3']","['3', '3', '3', '7', '8', '6', '6', '6']","['3', '6', '2', '3', '6', '2', '7', '2']","['7', '7', '4', '4', '8', '3', '7', '2']","['4', '7', '3', '6', '7', '6', '7', '7']","['6', '4', '7', '4', '6', '4', '2', '4']","['6', '6', '4', '6', '6', '7', '7', '6']"
138,1039,1,1,"['6', '6', '7', '7', '8', '9', '8', '8']","['1', '6', '3', '3', '1', '1', '8', '6']","['1', '7', '5', '1', '1', '9', '4', '4']","['1', '2', '5', '9', '9', '1', '4', '2']","['5', '6', '2', '4', '9', '5', '4', '5']","['5', '5', '4', '9', '7', '6', '5', '5']","['3', '2', '4', '9', '9', '7', '6', '6']","['3', '6', '4', '1', '1', '4', '4', '4']","['5', '7', '8', '8', '7', '5', '5', '6']"
139,1039,1,2,"['7', '7', '7', '7', '6', '4', '3', '5']","['4', '4', '8', '6', '7', '4', '2', '3']","['6', '1', '1', '1', '1', '1', '1', '1']","['1', '7', '1', '1', '1', '1', '1', '8']","['1', '5', '4', '5', '5', '5', '4', '5']","['4', '5', '4', '5', '5', '5', '5', '5']","['6', '7', '6', '6', '5', '6', '4', '2']","['4', '3', '3', '4', '2', '1', '1', '7']","['6', '8', '8', '5', '5', '3', '3', '7']"
140,1039,2,1,"['3', '3', '4', '6', '4', '2', '5', '4']","['5', '4', '7', '4', '5', '9', '6', '4']","['1', '1', '1', '6', '8', '1', '7', '3']","['8', '9', '1', '6', '1', '1', '1', '8']","['1', '3', '5', '9', '1', '5', '3', '8']","['4', '5', '5', '6', '3', '5', '5', '8']","['3', '6', '6', '7', '9', '7', '3', '9']","['5', '4', '1', '3', '1', '2', '6', '1']","['6', '3', '9', '6', '7', '9', '3', '9']"
141,1039,2,2,"['3', '4', '6', '5', '6', '4', '6', '6']","['9', '2', '3', '4', '9', '6', '4', '6']","['1', '2', '1', '9', '1', '1', '1', '8']","['1', '2', '9', '1', '1', '1', '1', '1']","['6', '1', '9', '9', '5', '1', '5', '5']","['5', '4', '5', '6', '5', '6', '9', '7']","['6', '5', '9', '9', '8', '6', '1', '9']","['6', '6', '1', '1', '1', '9', '8', '5']","['6', '9', '5', '1', '9', '6', '8', '9']"
142,1040,1,1,"['9', '9', '9', '9', '9', '9', '9', '9']","['9', '5', '5', '4', '4', '4', '1', '1']","['1', '1', '1', '1', '1', '1', '1', '1']","['1', '1', '1', '1', '1', '1', '1', '1']","['1', '1', '1', '1', '3', '1', '1', '1']","['4', '5', '5', '5', '5', '5', '5', '5']","['1', '1', '1', '1', '1', '1', '1', '1']","['7', '6', '9', '9', '9', '9', '9', '9']","['8', '7', '7', '7', '7', '8', '7', '7']"
143,1040,1,2,"['9', '9', '9', '9', '9', '9', '5', '9']","['4', '6', '7', '3', '7', '4', '7', '5']","['1', '1', '1', '1', '1', '1', '1', '1']","['1', '1', '1', '1', '1', '1', '1', '1']","['1', '1', '5', '1', '1', '3', '1', '1']","['5', '5', '5', '5', '5', '5', '5', '5']","['1', '1', '4', '1', '1', '1', '1', '1']","['7', '9', '7', '9', '9', '9', '9', '9']","['3', '8', '7', '8', '6', '7', '7', '8']"
144,1040,2,1,"['8', '9', '9', '9', '9', '9', '9', '9']","['7', '2', '5', '1', '1', '1', '1', '1']","['1', '1', '1', '1', '1', '1', '1', '1']","['1', '1', '1', '1', '1', '1', '1', '1']","['2', '1', '7', '5', '5', '1', '6', '1']","['5', '5', '5', '5', '5', '5', '5', '5']","['1', '1', '6', '6', '1', '1', '6', '1']","['6', '9', '9', '7', '7', '8', '8', '8']","['1', '4', '4', '1', '4', '3', '6', '3']"
145,1040,2,2,"['9', '7', '8', '9', '9', '9', '9', '8']","['9', '8', '7', '3', '1', '1', '1', '1']","['1', '1', '1', '1', '1', '1', '1', '1']","['1', '1', '1', '1', '1', '1', '1', '1']","['7', '7', '7', '1', '1', '7', '7', '8']","['5', '5', '5', '6', '7', '5', '5', '5']","['1', '8', '3', '1', '7', '6', '6', '7']","['3', '7', '7', '8', '7', '7', '8', '7']","['1', '2', '6', '3', '6', '6', '7', '8']"
146,1041,1,1,"['8', '8', '8', '8', '8', '8', '8', '8']","['9', '6', '1', '9', '2', '2', '8', '7']","['2', '5', '4', '5', '7', '2', '5', '3']","['2', '5', '7', '5', '2', '2', '2', '2']","['4', '5', '2', '5', '4', '5', '2', '5']","['5', '5', '5', '5', '7', '5', '7', '5']","['2', '7', '2', '8', '8', '4', '3', '7']","['8', '7', '8', '3', '2', '2', '7', '7']","['9', '7', '7', '7', '5', '1', '7', '7']"
147,1041,1,2,"['7', '6', '6', '7', '6', '6', '7', '7']","['2', '3', '7', '2', '2', '2', '2', '8']","['6', '4', '3', '3', '9', '2', '2', '2']","['6', '7', '3', '2', '1', '2', '9', '7']","['3', '7', '6', '1', '1', '3', '2', '8']","['5', '4', '5', '4', '5', '5', '2', '6']","['2', '4', '5', '2', '2', '2', '2', '3']","['6', '6', '7', '8', '8', '2', '8', '7']","['7', '7', '6', '6', '6', '8', '8', '6']"
148,1041,2,1,"['3', '3', '3', '3', '3', '3', '4', '3']","['3', '5', '7', '2', '6', '3', '2', '2']","['1', '2', '2', '3', '5', '9', '9', '9']","['9', '5', '8', '7', '7', '6', '1', '1']","['7', '2', '5', '1', '5', '1', '8', '1']","['7', '6', '7', '5', '5', '5', '3', '5']","['7', '2', '9', '2', '7', '6', '3', '8']","['3', '8', '3', '7', '2', '8', '6', '8']","['6', '6', '3', '3', '2', '3', '6', '8']"
149,1041,2,2,"['6', '6', '6', '6', '7', '7', '7', '7']","['4', '6', '3', '3', '6', '3', '3', '3']","['2', '9', '9', '6', '4', '7', '6', '8']","['8', '6', '1', '6', '8', '3', '8', '2']","['7', '1', '4', '5', '8', '7', '4', '8']","['5', '5', '5', '2', '2', '5', '8', '5']","['7', '3', '6', '7', '8', '3', '8', '3']","['6', '7', '6', '7', '7', '8', '7', '7']","['7', '6', '7', '7', '7', '3', '4', '6']"
150,1042,1,1,"['7', '9', '8', '8', '8', '3', '4', '3']","['3', '3', '7', '2', '3', '8', '9', '9']","['7', '4', '4', '8', '7', '2', '3', '3']","['3', '6', '6', '1', '1', '2', '4', '7']","['1', '3', '1', '2', '3', '2', '2', '6']","['8', '8', '7', '8', '7', '4', '4', '5']","['3', '1', '1', '1', '3', '2', '2', '3']","['8', '9', '9', '7', '8', '8', '8', '8']","['8', '7', '8', '7', '8', '7', '7', '6']"
151,1042,1,2,"['3', '4', '4', '4', '6', '2', '6', '2']","['7', '9', '7', '9', '4', '8', '2', '8']","['2', '1', '2', '6', '9', '6', '2', '1']","['2', '2', '2', '1', '1', '1', '2', '7']","['1', '3', '1', '4', '1', '1', '6', '1']","['7', '5', '3', '5', '6', '7', '7', '5']","['1', '2', '1', '1', '3', '1', '4', '2']","['9', '9', '9', '9', '7', '9', '6', '8']","['6', '7', '6', '4', '7', '6', '3', '4']"
152,1042,2,1,"['3', '6', '3', '6', '7', '7', '4', '6']","['7', '3', '7', '9', '7', '6', '8', '4']","['3', '9', '1', '2', '9', '3', '2', '2']","['7', '1', '7', '7', '1', '7', '8', '8']","['3', '2', '1', '3', '4', '7', '8', '7']","['5', '7', '3', '2', '6', '6', '4', '7']","['7', '7', '1', '1', '3', '2', '1', '1']","['1', '3', '8', '8', '7', '5', '8', '8']","['8', '7', '4', '3', '8', '3', '2', '4']"
153,1042,2,2,"['7', '8', '8', '7', '8', '8', '2', '7']","['2', '1', '3', '9', '9', '6', '6', '3']","['4', '9', '2', '1', '1', '9', '2', '1']","['2', '2', '8', '1', '8', '7', '7', '8']","['1', '7', '7', '7', '2', '1', '1', '8']","['7', '8', '4', '3', '7', '8', '3', '7']","['1', '6', '6', '1', '3', '7', '8', '7']","['9', '8', '3', '8', '8', '3', '1', '7']","['3', '8', '3', '3', '3', '4', '3', '3']"
154,1043,1,1,"['8', '8', '8', '8', '8', '9', '9', '8']","['8', '8', '4', '7', '4', '3', '4', '3']","['8', '6', '3', '7', '7', '4', '4', '5']","['3', '4', '6', '3', '1', '3', '8', '4']","['6', '6', '2', '3', '2', '1', '7', '1']","['7', '8', '4', '7', '6', '4', '6', '6']","['6', '7', '3', '8', '6', '3', '4', '2']","['8', '4', '7', '2', '8', '8', '7', '8']","['6', '6', '4', '6', '7', '7', '8', '9']"
155,1043,1,2,"['9', '8', '8', '8', '9', '9', '9', '9']","['4', '4', '3', '6', '4', '4', '4', '3']","['6', '3', '7', '9', '5', '5', '8', '5']","['5', '7', '2', '3', '5', '5', '3', '5']","['2', '7', '3', '2', '1', '1', '7', '8']","['7', '4', '4', '8', '7', '6', '7', '6']","['7', '7', '3', '7', '3', '4', '4', '3']","['3', '4', '7', '7', '8', '9', '8', '8']","['3', '7', '7', '7', '9', '8', '7', '9']"
156,1043,2,1,"['3', '2', '2', '6', '2', '3', '2', '2']","['7', '8', '8', '5', '4', '4', '4', '4']","['3', '2', '4', '6', '5', '3', '2', '4']","['7', '5', '6', '4', '5', '8', '8', '7']","['1', '2', '4', '7', '2', '6', '2', '2']","['4', '4', '6', '3', '3', '5', '5', '7']","['2', '6', '3', '3', '3', '3', '7', '5']","['8', '6', '7', '7', '8', '6', '3', '6']","['7', '3', '4', '4', '4', '7', '6', '7']"
157,1043,2,2,"['3', '2', '2', '2', '3', '2', '2', '2']","['8', '8', '4', '7', '8', '6', '7', '7']","['4', '4', '4', '4', '3', '3', '7', '4']","['8', '4', '4', '3', '8', '7', '4', '4']","['8', '2', '2', '2', '2', '1', '2', '7']","['6', '3', '3', '3', '3', '4', '6', '4']","['4', '7', '6', '6', '3', '4', '6', '7']","['6', '6', '3', '8', '8', '8', '3', '3']","['7', '2', '3', '6', '4', '7', '2', '8']"
158,1044,1,1,"['7', '7', '8', '8', '8', '8', '8', '7']","['3', '6', '3', '3', '7', '3', '3', '3']","['7', '3', '3', '7', '3', '3', '3', '3']","['3', '3', '3', '2', '3', '3', '3', '3']","['4', '3', '3', '3', '2', '2', '2', '3']","['7', '7', '4', '6', '4', '4', '3', '4']","['6', '3', '3', '6', '4', '3', '3', '4']","['3', '4', '3', '3', '3', '3', '3', '4']","['6', '3', '4', '3', '4', '6', '4', '6']"
159,1044,1,2,"['7', '8', '8', '8', '8', '7', '8', '8']","['3', '2', '3', '3', '2', '3', '2', '3']","['2', '7', '3', '3', '2', '3', '1', '3']","['3', '3', '3', '3', '3', '3', '1', '3']","['3', '3', '2', '3', '3', '2', '3', '3']","['7', '7', '4', '6', '6', '6', '6', '6']","['6', '4', '3', '7', '4', '3', '3', '4']","['7', '6', '4', '7', '7', '7', '6', '7']","['6', '6', '6', '6', '6', '6', '6', '6']"
160,1044,2,1,"['6', '8', '7', '8', '8', '7', '8', '7']","['3', '3', '4', '3', '3', '3', '2', '3']","['8', '8', '3', '3', '2', '3', '3', '3']","['3', '2', '7', '7', '7', '7', '7', '7']","['2', '2', '6', '3', '3', '2', '3', '3']","['7', '7', '6', '6', '7', '4', '4', '7']","['3', '4', '8', '7', '3', '6', '6', '8']","['8', '7', '6', '4', '7', '7', '8', '6']","['6', '6', '6', '6', '6', '7', '7', '6']"
161,1044,2,2,"['7', '7', '8', '7', '7', '6', '6', '5']","['3', '3', '3', '2', '2', '3', '3', '2']","['3', '2', '2', '8', '7', '3', '8', '3']","['8', '8', '7', '3', '3', '3', '2', '7']","['3', '2', '3', '3', '3', '3', '3', '3']","['6', '7', '6', '7', '6', '6', '7', '7']","['7', '8', '7', '6', '7', '6', '6', '8']","['3', '6', '6', '6', '6', '8', '7', '6']","['6', '7', '4', '3', '6', '8', '6', '6']"
162,1045,1,1,"['8', '9', '8', '9', '9', '9', '7', '9']","['7', '1', '6', '9', '4', '6', '4', '1']","['2', '1', '3', '1', '1', '6', '4', '5']","['2', '1', '4', '1', '2', '4', '4', '2']","['1', '5', '1', '5', '1', '4', '4', '3']","['5', '5', '5', '5', '6', '5', '5', '5']","['3', '1', '6', '9', '4', '4', '6', '9']","['3', '6', '4', '1', '2', '4', '4', '2']","['9', '9', '7', '9', '6', '6', '6', '7']"
163,1045,1,2,"['6', '6', '9', '7', '7', '7', '7', '9']","['1', '1', '3', '4', '1', '4', '5', '1']","['1', '1', '3', '9', '1', '5', '6', '6']","['1', '9', '6', '3', '1', '6', '6', '6']","['1', '6', '9', '4', '1', '4', '4', '7']","['4', '6', '5', '5', '5', '5', '5', '9']","['4', '9', '8', '7', '1', '3', '7', '9']","['3', '1', '2', '3', '1', '3', '4', '4']","['6', '9', '6', '6', '6', '3', '1', '7']"
164,1045,2,1,"['3', '4', '4', '4', '4', '6', '6', '6']","['1', '1', '1', '3', '4', '5', '3', '1']","['3', '1', '3', '2', '3', '3', '7', '1']","['3', '9', '4', '6', '6', '6', '7', '6']","['1', '6', '7', '4', '4', '5', '1', '1']","['5', '6', '6', '7', '5', '5', '5', '5']","['6', '9', '9', '3', '3', '3', '7', '6']","['4', '1', '6', '6', '6', '6', '1', '2']","['4', '8', '7', '6', '4', '4', '6', '4']"
165,1045,2,2,"['3', '4', '3', '6', '6', '4', '7', '4']","['1', '2', '1', '1', '3', '4', '1', '1']","['3', '6', '6', '9', '1', '3', '1', '2']","['3', '4', '4', '6', '1', '2', '2', '2']","['1', '5', '1', '3', '4', '2', '5', '6']","['4', '5', '4', '5', '5', '3', '6', '4']","['3', '9', '3', '7', '1', '4', '2', '1']","['3', '1', '3', '7', '6', '6', '2', '1']","['4', '9', '3', '9', '7', '5', '6', '3']"
166,1046,1,1,"['8', '8', '4', '3', '4', '6', '3', '4']","['9', '1', '3', '6', '9', '2', '9', '2']","['3', '2', '1', '8', '3', '9', '3', '8']","['6', '2', '3', '1', '7', '1', '3', '1']","['7', '5', '6', '6', '5', '3', '3', '1']","['3', '7', '5', '4', '4', '8', '4', '5']","['3', '9', '8', '1', '2', '9', '8', '2']","['3', '1', '1', '1', '8', '1', '1', '6']","['8', '8', '7', '3', '8', '6', '8', '3']"
167,1046,1,2,"['7', '4', '3', '4', '4', '3', '7', '3']","['9', '8', '9', '7', '7', '8', '1', '8']","['3', '4', '2', '4', '2', '6', '9', '3']","['7', '7', '2', '3', '9', '2', '1', '3']","['7', '4', '6', '9', '3', '3', '1', '3']","['5', '5', '4', '5', '5', '5', '6', '5']","['2', '3', '9', '8', '1', '2', '7', '3']","['4', '3', '1', '4', '8', '7', '3', '7']","['6', '8', '9', '9', '9', '9', '6', '5']"
168,1046,2,1,"['4', '7', '6', '3', '3', '4', '6', '8']","['1', '1', '1', '1', '7', '1', '1', '7']","['2', '1', '9', '9', '6', '9', '1', '3']","['6', '9', '1', '6', '6', '1', '9', '3']","['1', '9', '2', '8', '5', '4', '2', '5']","['5', '5', '8', '5', '4', '6', '8', '5']","['7', '1', '9', '2', '1', '8', '8', '1']","['3', '9', '1', '7', '8', '3', '1', '7']","['3', '7', '8', '4', '3', '6', '6', '9']"
169,1046,2,2,"['7', '4', '7', '6', '8', '7', '6', '7']","['1', '6', '1', '6', '1', '7', '2', '1']","['5', '8', '9', '3', '7', '3', '2', '9']","['1', '2', '2', '3', '8', '6', '8', '2']","['6', '4', '4', '3', '5', '3', '6', '1']","['5', '4', '5', '5', '6', '4', '5', '6']","['9', '2', '6', '2', '8', '3', '7', '7']","['6', '8', '7', '9', '8', '8', '7', '3']","['9', '3', '4', '9', '9', '8', '8', '3']"
170,1047,1,1,"['9', '9', '9', '9', '8', '8', '9', '8']","['6', '3', '6', '6', '9', '4', '1', '7']","['9', '1', '9', '7', '1', '9', '9', '6']","['1', '9', '1', '6', '1', '1', '3', '6']","['2', '6', '7', '8', '3', '6', '6', '1']","['7', '9', '8', '7', '5', '6', '8', '5']","['1', '7', '3', '7', '3', '3', '7', '1']","['9', '6', '7', '6', '7', '7', '6', '9']","['6', '3', '4', '7', '4', '6', '7', '3']"
171,1047,1,2,"['8', '8', '8', '8', '8', '8', '8', '8']","['7', '3', '7', '9', '4', '7', '8', '1']","['3', '2', '2', '1', '7', '9', '2', '9']","['8', '8', '8', '3', '6', '3', '1', '1']","['5', '3', '7', '1', '5', '3', '5', '3']","['7', '7', '6', '5', '6', '5', '5', '9']","['8', '6', '8', '4', '6', '6', '6', '7']","['6', '8', '6', '7', '6', '7', '1', '7']","['3', '4', '7', '4', '5', '4', '1', '7']"
172,1047,2,1,"['8', '8', '9', '9', '9', '9', '8', '8']","['7', '7', '3', '7', '8', '9', '6', '7']","['2', '1', '9', '9', '3', '4', '9', '7']","['9', '9', '1', '3', '8', '4', '1', '3']","['6', '1', '7', '2', '2', '3', '7', '1']","['7', '7', '9', '6', '7', '7', '7', '6']","['7', '8', '7', '6', '7', '4', '8', '4']","['2', '4', '3', '8', '7', '7', '4', '7']","['4', '6', '4', '4', '6', '4', '7', '5']"
173,1047,2,2,"['8', '7', '7', '8', '8', '8', '7', '7']","['7', '8', '1', '1', '1', '2', '3', '3']","['1', '1', '9', '9', '9', '6', '8', '4']","['9', '9', '3', '2', '1', '6', '2', '3']","['6', '6', '3', '7', '5', '3', '3', '3']","['7', '5', '7', '8', '7', '3', '5', '7']","['7', '8', '3', '5', '7', '6', '7', '3']","['3', '2', '7', '6', '4', '6', '6', '7']","['6', '7', '7', '7', '7', '7', '6', '2']"
174,1048,1,1,"['9', '8', '8', '7', '6', '7', '8', '9']","['7', '9', '7', '2', '1', '6', '6', '8']","['4', '1', '8', '3', '8', '8', '7', '4']","['2', '7', '7', '2', '8', '2', '7', '2']","['3', '5', '2', '1', '1', '2', '7', '5']","['6', '6', '6', '4', '6', '5', '5', '5']","['1', '8', '2', '6', '5', '5', '2', '8']","['8', '4', '8', '6', '9', '9', '7', '4']","['9', '7', '6', '7', '7', '9', '8', '7']"
175,1048,1,2,"['4', '5', '7', '7', '7', '8', '8', '5']","['6', '6', '9', '4', '8', '9', '7', '7']","['7', '2', '1', '3', '1', '6', '9', '7']","['1', '8', '1', '7', '7', '6', '1', '7']","['1', '5', '3', '9', '1', '8', '1', '2']","['4', '6', '5', '5', '5', '7', '6', '4']","['4', '6', '5', '6', '7', '7', '7', '6']","['6', '6', '7', '7', '6', '4', '6', '6']","['7', '7', '9', '7', '6', '6', '7', '8']"
176,1048,2,1,"['6', '6', '7', '6', '8', '7', '7', '6']","['2', '7', '7', '4', '7', '3', '8', '7']","['3', '2', '2', '6', '7', '1', '6', '1']","['7', '9', '5', '6', '7', '1', '3', '8']","['2', '1', '1', '2', '3', '5', '3', '4']","['7', '5', '4', '4', '3', '6', '4', '7']","['4', '6', '7', '4', '4', '4', '7', '6']","['6', '4', '4', '7', '6', '4', '4', '7']","['5', '4', '7', '6', '5', '7', '7', '4']"
177,1048,2,2,"['6', '4', '3', '7', '6', '6', '7', '6']","['6', '2', '6', '4', '8', '7', '7', '8']","['8', '6', '9', '9', '8', '1', '1', '9']","['1', '3', '2', '1', '1', '6', '1', '7']","['2', '1', '1', '5', '7', '2', '5', '5']","['4', '5', '7', '9', '5', '6', '4', '5']","['6', '6', '8', '6', '7', '4', '7', '7']","['7', '4', '2', '7', '4', '6', '2', '4']","['6', '4', '7', '3', '9', '8', '7', '8']"
178,1049,1,1,"['8', '7', '7', '6', '5', '4', '6', '4']","['6', '4', '4', '3', '3', '3', '6', '6']","['3', '7', '2', '2', '3', '8', '8', '3']","['7', '3', '8', '4', '9', '2', '1', '6']","['4', '2', '6', '2', '1', '1', '3', '6']","['8', '6', '6', '6', '6', '6', '7', '7']","['7', '2', '9', '9', '7', '8', '9', '8']","['3', '7', '1', '1', '6', '2', '1', '2']","['6', '6', '7', '7', '8', '6', '7', '6']"
179,1049,1,2,"['6', '4', '4', '6', '4', '6', '6', '5']","['3', '2', '4', '3', '3', '3', '3', '9']","['2', '9', '9', '7', '9', '9', '9', '1']","['8', '1', '1', '1', '1', '1', '1', '1']","['8', '3', '1', '4', '1', '1', '1', '6']","['4', '6', '7', '5', '7', '8', '7', '5']","['7', '6', '8', '4', '8', '6', '4', '8']","['4', '6', '3', '6', '2', '3', '3', '1']","['6', '3', '7', '6', '6', '4', '3', '8']"
180,1049,2,1,"['4', '4', '2', '4', '4', '3', '6', '4']","['3', '9', '1', '6', '2', '2', '7', '5']","['2', '2', '1', '8', '9', '7', '9', '2']","['8', '9', '7', '1', '1', '6', '2', '9']","['9', '2', '7', '3', '1', '1', '1', '1']","['5', '3', '5', '6', '6', '3', '7', '7']","['4', '6', '5', '6', '4', '6', '6', '8']","['6', '3', '2', '3', '2', '2', '3', '1']","['4', '4', '1', '5', '6', '3', '6', '6']"
181,1049,2,2,"['6', '4', '4', '3', '3', '5', '4', '6']","['1', '2', '1', '1', '1', '7', '8', '1']","['1', '1', '1', '1', '9', '9', '9', '1']","['7', '8', '9', '9', '4', '1', '2', '9']","['9', '9', '9', '9', '1', '1', '1', '1']","['5', '5', '5', '5', '7', '7', '7', '8']","['8', '8', '9', '9', '9', '8', '8', '9']","['1', '1', '1', '1', '1', '4', '3', '1']","['6', '7', '7', '6', '8', '7', '4', '9']"
182,1050,1,1,"['7', '8', '8', '8', '7', '8', '7', '8']","['6', '7', '7', '7', '7', '3', '8', '8']","['1', '2', '4', '2', '8', '3', '3', '3']","['8', '8', '6', '6', '3', '8', '2', '7']","['9', '8', '2', '6', '2', '2', '2', '6']","['4', '4', '4', '6', '6', '4', '6', '5']","['3', '3', '3', '7', '8', '7', '8', '6']","['9', '8', '7', '7', '6', '7', '7', '7']","['8', '7', '7', '3', '6', '6', '6', '6']"
183,1050,1,2,"['8', '8', '8', '8', '7', '8', '7', '7']","['7', '7', '3', '2', '3', '7', '6', '4']","['3', '4', '8', '8', '7', '4', '6', '8']","['7', '7', '3', '7', '4', '7', '4', '3']","['7', '7', '3', '7', '3', '3', '6', '3']","['6', '6', '6', '7', '6', '6', '6', '6']","['7', '6', '6', '6', '7', '7', '2', '3']","['7', '7', '7', '8', '7', '4', '8', '7']","['4', '6', '7', '6', '6', '6', '4', '7']"
184,1050,2,1,"['8', '4', '7', '7', '7', '8', '7', '7']","['3', '3', '6', '7', '8', '3', '8', '3']","['7', '4', '3', '5', '4', '8', '6', '8']","['4', '7', '7', '6', '8', '7', '5', '4']","['2', '3', '7', '3', '3', '3', '2', '3']","['2', '3', '7', '6', '5', '3', '7', '4']","['3', '4', '7', '6', '7', '6', '6', '7']","['8', '8', '7', '7', '7', '7', '8', '8']","['4', '5', '6', '7', '6', '6', '6', '6']"
185,1050,2,2,"['8', '7', '8', '7', '7', '7', '8', '7']","['4', '3', '6', '6', '6', '6', '7', '7']","['3', '7', '7', '8', '5', '6', '3', '3']","['7', '7', '7', '6', '7', '6', '7', '7']","['3', '2', '3', '7', '2', '3', '7', '7']","['7', '2', '2', '2', '3', '4', '7', '8']","['7', '4', '3', '6', '6', '3', '3', '7']","['7', '7', '7', '8', '8', '7', '7', '7']","['6', '6', '7', '7', '4', '1', '7', '7']"
186,1051,1,1,"['9', '7', '8', '7', '7', '6', '8', '8']","['8', '3', '3', '3', '2', '3', '2', '3']","['3', '3', '7', '3', '3', '3', '8', '3']","['4', '7', '5', '8', '7', '7', '7', '7']","['3', '3', '2', '4', '2', '3', '8', '3']","['6', '7', '6', '9', '8', '8', '5', '7']","['8', '7', '7', '9', '8', '8', '6', '7']","['3', '3', '7', '2', '6', '2', '7', '3']","['3', '6', '7', '3', '4', '3', '3', '3']"
187,1051,1,2,"['8', '8', '8', '7', '8', '8', '8', '8']","['3', '2', '3', '2', '2', '2', '2', '3']","['2', '1', '7', '3', '9', '9', '1', '5']","['9', '9', '7', '8', '7', '2', '9', '7']","['1', '4', '7', '5', '3', '1', '2', '2']","['7', '7', '8', '7', '7', '7', '8', '6']","['9', '9', '6', '7', '9', '1', '7', '8']","['1', '2', '7', '7', '1', '9', '2', '2']","['3', '4', '4', '3', '3', '7', '3', '3']"
188,1051,2,1,"['5', '5', '5', '5', '6', '5', '5', '6']","['9', '3', '3', '3', '2', '2', '3', '3']","['3', '8', '7', '3', '2', '3', '7', '3']","['3', '1', '6', '8', '9', '9', '3', '7']","['1', '3', '3', '2', '7', '1', '1', '4']","['4', '7', '6', '7', '8', '7', '5', '6']","['3', '8', '8', '7', '8', '8', '3', '7']","['6', '7', '1', '2', '6', '3', '7', '3']","['3', '4', '3', '3', '4', '3', '6', '3']"
189,1051,2,2,"['7', '7', '7', '7', '7', '7', '7', '7']","['2', '3', '8', '1', '1', '2', '9', '2']","['9', '9', '9', '1', '1', '6', '1', '9']","['1', '3', '7', '9', '9', '7', '3', '3']","['1', '1', '1', '1', '6', '5', '2', '5']","['6', '7', '6', '7', '6', '6', '5', '8']","['9', '7', '9', '8', '9', '6', '6', '7']","['3', '1', '2', '1', '2', '7', '7', '4']","['3', '3', '7', '3', '3', '7', '3', '6']"
190,1052,1,1,"['7', '8', '8', '7', '8', '8', '8', '8']","['7', '6', '6', '5', '3', '3', '3', '3']","['3', '3', '3', '2', '7', '6', '3', '4']","['2', '5', '7', '2', '1', '3', '8', '7']","['3', '3', '7', '3', '2', '8', '1', '2']","['6', '7', '6', '5', '5', '7', '8', '8']","['7', '8', '6', '8', '9', '5', '4', '3']","['3', '4', '4', '2', '2', '7', '7', '7']","['7', '7', '6', '8', '7', '6', '8', '7']"
191,1052,1,2,"['7', '7', '8', '8', '8', '8', '7', '8']","['7', '6', '3', '4', '3', '2', '7', '3']","['1', '2', '3', '3', '4', '3', '4', '4']","['2', '2', '7', '4', '7', '7', '7', '7']","['4', '5', '2', '4', '3', '9', '7', '2']","['5', '5', '5', '4', '7', '5', '7', '8']","['8', '9', '7', '7', '7', '3', '7', '8']","['2', '1', '4', '3', '3', '8', '3', '2']","['6', '7', '6', '6', '7', '7', '8', '7']"
192,1052,2,1,"['7', '7', '7', '7', '7', '4', '8', '7']","['6', '3', '3', '3', '7', '7', '7', '7']","['3', '4', '4', '6', '7', '3', '4', '3']","['8', '6', '6', '4', '3', '7', '6', '7']","['3', '3', '7', '2', '3', '8', '3', '3']","['7', '5', '6', '7', '6', '6', '5', '6']","['7', '7', '2', '8', '9', '7', '8', '3']","['3', '3', '8', '2', '1', '3', '2', '7']","['6', '7', '7', '7', '7', '6', '7', '5']"
193,1052,2,2,"['7', '7', '8', '7', '8', '8', '7', '6']","['3', '3', '3', '4', '3', '2', '6', '3']","['3', '4', '7', '6', '3', '1', '4', '4']","['7', '5', '3', '3', '7', '9', '6', '7']","['3', '3', '7', '4', '3', '1', '3', '3']","['6', '7', '6', '4', '6', '5', '3', '4']","['6', '7', '7', '8', '8', '3', '7', '7']","['4', '3', '4', '2', '2', '7', '3', '6']","['7', '7', '6', '4', '7', '6', '5', '6']"
194,1053,1,1,"['7', '7', '6', '7', '7', '5', '6', '5']","['4', '4', '3', '4', '3', '8', '4', '8']","['4', '7', '8', '7', '6', '3', '8', '4']","['8', '6', '6', '6', '7', '3', '4', '3']","['7', '6', '4', '6', '7', '5', '5', '4']","['4', '6', '7', '7', '6', '5', '6', '5']","['4', '6', '9', '8', '8', '9', '8', '8']","['8', '3', '6', '6', '4', '7', '4', '6']","['7', '6', '4', '4', '3', '6', '6', '6']"
195,1053,1,2,"['6', '6', '6', '6', '6', '7', '4', '4']","['8', '6', '7', '6', '8', '6', '9', '9']","['4', '8', '8', '8', '7', '9', '4', '6']","['7', '6', '6', '6', '6', '2', '3', '3']","['5', '4', '4', '7', '4', '3', '5', '7']","['7', '6', '5', '7', '6', '4', '5', '5']","['9', '8', '6', '7', '7', '8', '9', '8']","['3', '4', '4', '6', '4', '8', '4', '3']","['7', '6', '6', '6', '6', '8', '4', '6']"
196,1053,2,1,"['6', '7', '6', '6', '6', '6', '6', '6']","['8', '6', '6', '8', '8', '8', '8', '8']","['3', '4', '8', '2', '6', '3', '3', '4']","['7', '7', '6', '2', '4', '3', '6', '8']","['5', '7', '7', '5', '3', '4', '5', '4']","['5', '6', '7', '5', '6', '5', '5', '4']","['8', '8', '7', '8', '8', '8', '7', '6']","['2', '7', '3', '2', '4', '4', '2', '3']","['7', '7', '7', '6', '7', '6', '6', '6']"
197,1053,2,2,"['7', '7', '7', '6', '7', '6', '6', '6']","['7', '8', '8', '8', '7', '8', '7', '6']","['3', '3', '4', '6', '7', '8', '6', '8']","['8', '8', '7', '8', '4', '6', '7', '6']","['7', '7', '7', '3', '2', '5', '4', '6']","['6', '6', '4', '4', '4', '6', '7', '4']","['8', '8', '8', '7', '7', '7', '8', '6']","['2', '2', '4', '6', '3', '4', '3', '4']","['7', '6', '7', '6', '4', '6', '7', '6']"
198,1054,1,1,"['3', '5', '6', '6', '6', '6', '6', '8']","['9', '9', '5', '4', '1', '9', '3', '9']","['1', '1', '8', '7', '9', '4', '7', '3']","['1', '5', '1', '1', '5', '5', '1', '1']","['5', '5', '1', '1', '8', '1', '9', '2']","['5', '5', '5', '5', '7', '3', '6', '3']","['1', '1', '2', '4', '9', '8', '8', '1']","['1', '1', '9', '1', '4', '1', '1', '1']","['2', '3', '3', '6', '8', '4', '4', '1']"
199,1054,1,2,"['8', '9', '9', '9', '8', '9', '8', '6']","['2', '5', '4', '9', '4', '9', '9', '6']","['1', '5', '9', '1', '7', '1', '1', '1']","['9', '5', '1', '1', '1', '1', '1', '7']","['7', '5', '1', '1', '1', '3', '2', '1']","['4', '5', '3', '3', '7', '5', '5', '7']","['9', '9', '7', '5', '9', '9', '9', '3']","['1', '1', '1', '1', '2', '1', '2', '8']","['3', '5', '3', '2', '3', '1', '8', '3']"
200,1055,1,1,"['9', '7', '9', '4', '4', '3', '6', '3']","['9', '3', '9', '7', '6', '3', '1', '7']","['1', '9', '1', '9', '1', '3', '1', '1']","['6', '6', '1', '2', '7', '8', '9', '1']","['4', '1', '3', '7', '3', '8', '9', '2']","['4', '8', '3', '8', '5', '8', '6', '5']","['7', '9', '1', '9', '9', '9', '8', '4']","['4', '1', '2', '1', '1', '1', '1', '3']","['7', '3', '4', '8', '1', '4', '9', '2']"
201,1055,1,2,"['8', '7', '4', '4', '6', '7', '4', '8']","['8', '8', '2', '4', '2', '8', '4', '8']","['2', '1', '2', '3', '3', '7', '9', '7']","['2', '1', '1', '1', '3', '7', '2', '2']","['1', '2', '5', '2', '4', '5', '2', '3']","['1', '1', '6', '8', '7', '2', '6', '1']","['3', '4', '5', '5', '6', '6', '7', '6']","['1', '1', '6', '5', '6', '2', '3', '6']","['8', '7', '3', '6', '4', '5', '7', '4']"
202,1055,2,1,"['4', '3', '8', '3', '7', '2', '7', '4']","['7', '6', '8', '2', '2', '6', '6', '7']","['2', '7', '2', '6', '9', '2', '1', '1']","['7', '7', '6', '2', '1', '2', '1', '9']","['1', '1', '1', '1', '3', '1', '1', '7']","['6', '7', '3', '7', '6', '8', '2', '3']","['7', '9', '7', '6', '9', '6', '7', '9']","['1', '1', '1', '2', '1', '1', '2', '1']","['3', '7', '2', '1', '6', '3', '6', '7']"
203,1055,2,2,"['6', '4', '4', '3', '2', '7', '7', '7']","['9', '8', '1', '7', '6', '8', '7', '8']","['2', '8', '9', '8', '2', '8', '7', '9']","['8', '3', '1', '7', '2', '5', '6', '1']","['1', '2', '7', '2', '1', '2', '1', '1']","['3', '6', '8', '8', '3', '1', '3', '1']","['7', '4', '9', '6', '6', '7', '5', '6']","['2', '4', '1', '2', '1', '1', '1', '1']","['6', '4', '7', '6', '7', '7', '1', '3']"
204,1056,1,1,"['3', '4', '4', '6', '6', '7', '7', '6']","['8', '8', '9', '9', '7', '9', '9', '9']","['2', '7', '6', '7', '8', '7', '6', '9']","['2', '1', '1', '1', '1', '1', '2', '1']","['2', '6', '3', '4', '2', '1', '2', '1']","['6', '5', '4', '4', '5', '3', '6', '5']","['1', '6', '1', '1', '4', '3', '1', '1']","['9', '8', '9', '9', '8', '7', '9', '9']","['2', '2', '2', '1', '3', '3', '2', '4']"
205,1056,1,2,"['3', '6', '6', '6', '4', '4', '4', '4']","['1', '7', '9', '1', '8', '1', '1', '9']","['2', '7', '1', '9', '6', '1', '9', '7']","['8', '3', '8', '6', '6', '9', '1', '7']","['9', '1', '3', '8', '1', '2', '1', '1']","['7', '6', '7', '9', '4', '8', '8', '4']","['7', '7', '9', '8', '1', '9', '1', '1']","['2', '3', '6', '2', '9', '1', '9', '9']","['3', '4', '6', '6', '6', '5', '6', '6']"
206,1056,2,1,"['2', '2', '2', '1', '3', '2', '1', '2']","['3', '6', '3', '4', '7', '7', '4', '1']","['2', '7', '8', '9', '8', '9', '8', '6']","['8', '7', '6', '1', '3', '5', '2', '1']","['1', '2', '1', '1', '4', '7', '1', '6']","['2', '5', '2', '2', '6', '5', '5', '5']","['3', '3', '6', '5', '5', '5', '4', '3']","['7', '7', '8', '8', '7', '4', '6', '7']","['4', '3', '4', '5', '3', '6', '7', '4']"
207,1056,2,2,"['1', '2', '2', '2', '1', '1', '1', '1']","['8', '3', '7', '9', '2', '6', '8', '9']","['1', '6', '9', '9', '9', '8', '8', '6']","['4', '7', '1', '1', '1', '1', '4', '2']","['2', '3', '1', '1', '4', '1', '1', '3']","['4', '7', '5', '8', '7', '2', '4', '3']","['2', '4', '8', '4', '2', '7', '6', '6']","['8', '8', '3', '7', '8', '7', '6', '8']","['4', '3', '7', '6', '6', '6', '4', '3']"
208,1057,1,1,"['8', '9', '9', '9', '9', '9', '9', '9']","['1', '1', '1', '1', '9', '9', '1', '1']","['8', '5', '9', '1', '7', '7', '9', '8']","['3', '7', '4', '9', '2', '7', '2', '3']","['9', '8', '7', '7', '1', '9', '1', '8']","['9', '8', '8', '7', '8', '5', '3', '8']","['8', '8', '8', '7', '1', '8', '7', '8']","['1', '3', '1', '3', '6', '2', '3', '1']","['8', '6', '8', '3', '7', '8', '7', '8']"
209,1057,1,2,"['9', '9', '9', '9', '9', '9', '9', '9']","['4', '1', '1', '3', '1', '1', '1', '1']","['1', '7', '1', '9', '9', '9', '8', '9']","['9', '7', '9', '2', '1', '2', '8', '8']","['9', '9', '9', '8', '6', '8', '8', '8']","['8', '9', '8', '9', '9', '9', '9', '9']","['2', '8', '8', '9', '9', '8', '9', '9']","['2', '2', '2', '2', '4', '2', '1', '2']","['3', '7', '8', '8', '9', '9', '8', '8']"
210,1057,2,1,"['4', '8', '7', '7', '3', '7', '8', '7']","['6', '4', '2', '2', '7', '8', '2', '2']","['2', '2', '8', '9', '7', '3', '8', '8']","['8', '8', '2', '2', '2', '3', '2', '3']","['2', '8', '2', '1', '1', '2', '8', '7']","['4', '3', '8', '5', '5', '3', '8', '8']","['3', '8', '6', '4', '2', '7', '8', '8']","['2', '2', '3', '3', '2', '3', '2', '2']","['2', '7', '3', '3', '2', '2', '7', '7']"
211,1057,2,2,"['4', '7', '7', '7', '4', '3', '7', '3']","['3', '3', '2', '8', '8', '8', '3', '8']","['2', '9', '7', '5', '8', '8', '3', '7']","['7', '2', '3', '4', '7', '2', '3', '3']","['8', '2', '2', '8', '8', '9', '4', '8']","['2', '8', '8', '8', '6', '8', '6', '4']","['8', '8', '7', '8', '7', '8', '6', '3']","['3', '2', '3', '3', '3', '2', '4', '3']","['7', '8', '7', '7', '7', '7', '3', '7']"
212,1058,1,1,"['6', '8', '7', '7', '3', '4', '4', '3']","['3', '2', '9', '6', '7', '9', '4', '7']","['7', '4', '4', '3', '6', '6', '4', '3']","['3', '6', '3', '4', '3', '4', '3', '4']","['5', '2', '3', '1', '2', '2', '1', '1']","['6', '6', '4', '5', '4', '3', '4', '5']","['8', '7', '4', '7', '6', '8', '8', '9']","['3', '2', '3', '3', '3', '3', '2', '3']","['7', '2', '7', '7', '4', '6', '6', '6']"
213,1058,1,2,"['4', '3', '4', '4', '1', '2', '1', '2']","['9', '3', '3', '3', '9', '7', '9', '8']","['1', '1', '8', '3', '2', '2', '7', '2']","['5', '8', '3', '7', '4', '1', '2', '8']","['1', '7', '1', '1', '1', '2', '1', '1']","['3', '4', '4', '4', '3', '3', '3', '5']","['7', '9', '2', '8', '8', '7', '9', '4']","['3', '1', '8', '2', '1', '2', '3', '7']","['7', '6', '1', '3', '4', '3', '3', '2']"
214,1058,2,1,"['2', '2', '3', '3', '2', '2', '1', '1']","['6', '9', '3', '6', '7', '2', '7', '6']","['1', '3', '1', '2', '6', '9', '6', '2']","['9', '2', '9', '7', '4', '1', '2', '7']","['5', '3', '3', '2', '2', '1', '1', '1']","['7', '4', '8', '5', '4', '5', '5', '3']","['9', '6', '9', '7', '7', '7', '6', '8']","['1', '1', '3', '6', '2', '4', '2', '3']","['7', '4', '8', '3', '7', '2', '6', '4']"
215,1058,2,2,"['3', '2', '3', '2', '3', '3', '2', '3']","['5', '6', '2', '1', '9', '1', '6', '7']","['1', '3', '1', '4', '1', '1', '5', '1']","['9', '8', '1', '6', '2', '9', '2', '1']","['2', '2', '1', '9', '5', '1', '1', '1']","['5', '6', '5', '7', '4', '6', '4', '4']","['7', '7', '3', '6', '7', '8', '6', '6']","['2', '2', '3', '2', '2', '1', '1', '2']","['6', '3', '5', '5', '1', '2', '2', '2']"
216,1059,1,1,"['8', '8', '7', '8', '7', '8', '8', '7']","['1', '1', '1', '8', '7', '1', '1', '1']","['1', '3', '4', '3', '6', '7', '7', '7']","['8', '7', '5', '5', '6', '6', '3', '3']","['3', '6', '1', '3', '1', '1', '1', '1']","['6', '6', '7', '7', '5', '5', '7', '6']","['6', '2', '1', '6', '6', '1', '1', '1']","['6', '6', '6', '6', '1', '9', '7', '6']","['7', '6', '4', '3', '7', '6', '3', '3']"
217,1059,1,2,"['5', '7', '7', '7', '7', '8', '8', '9']","['1', '3', '6', '4', '4', '2', '3', '9']","['1', '3', '3', '1', '1', '1', '2', '5']","['9', '6', '7', '9', '9', '9', '9', '5']","['7', '1', '1', '8', '9', '6', '6', '2']","['3', '6', '7', '5', '6', '6', '5', '6']","['9', '7', '7', '8', '9', '9', '7', '7']","['1', '6', '4', '6', '6', '4', '7', '3']","['7', '7', '7', '7', '8', '9', '7', '6']"
218,1059,2,1,"['9', '8', '8', '8', '8', '8', '8', '8']","['1', '2', '2', '2', '2', '2', '2', '2']","['1', '2', '3', '2', '5', '3', '6', '6']","['8', '7', '7', '6', '6', '7', '4', '3']","['5', '4', '6', '7', '8', '1', '2', '3']","['7', '7', '7', '7', '7', '8', '7', '7']","['8', '8', '6', '7', '7', '7', '6', '7']","['2', '3', '6', '6', '4', '3', '6', '4']","['6', '6', '7', '7', '7', '7', '3', '3']"
219,1059,2,2,"['8', '8', '8', '8', '8', '8', '8', '8']","['7', '6', '4', '3', '2', '2', '2', '2']","['3', '2', '1', '4', '2', '4', '3', '2']","['8', '7', '7', '7', '6', '6', '7', '2']","['4', '7', '8', '7', '7', '3', '2', '1']","['4', '4', '4', '3', '2', '7', '6', '4']","['9', '8', '8', '6', '7', '3', '2', '3']","['4', '3', '6', '7', '7', '8', '8', '7']","['7', '7', '7', '7', '7', '7', '2', '3']"
220,1060,1,1,"['9', '9', '9', '9', '9', '9', '9', '9']","['1', '9', '7', '6', '1', '9', '1', '9']","['7', '5', '9', '9', '1', '5', '1', '1']","['7', '5', '1', '1', '1', '5', '1', '1']","['5', '3', '1', '4', '5', '1', '3', '1']","['6', '5', '5', '7', '5', '5', '9', '4']","['1', '1', '1', '1', '1', '1', '1', '1']","['9', '9', '9', '9', '1', '9', '9', '9']","['7', '3', '5', '6', '1', '5', '9', '5']"
221,1060,1,2,"['9', '9', '9', '9', '9', '9', '9', '9']","['5', '5', '1', '3', '7', '7', '1', '1']","['9', '9', '9', '9', '9', '9', '9', '9']","['1', '1', '1', '1', '1', '1', '1', '1']","['1', '5', '1', '1', '5', '5', '3', '5']","['5', '7', '3', '3', '5', '5', '7', '7']","['1', '1', '1', '1', '1', '1', '1', '1']","['9', '9', '9', '9', '9', '9', '9', '9']","['9', '5', '9', '9', '9', '9', '9', '9']"
222,1060,2,1,"['5', '3', '2', '3', '3', '4', '5', '5']","['1', '7', '9', '9', '1', '9', '5', '5']","['1', '1', '1', '1', '3', '5', '1', '9']","['1', '1', '7', '1', '1', '1', '9', '3']","['5', '1', '1', '1', '1', '1', '1', '1']","['5', '5', '3', '3', '5', '5', '5', '5']","['5', '1', '1', '1', '1', '1', '1', '1']","['5', '9', '9', '9', '9', '9', '9', '9']","['5', '9', '8', '9', '5', '9', '9', '9']"
223,1060,2,2,"['9', '9', '9', '9', '9', '9', '9', '9']","['9', '5', '9', '1', '9', '2', '9', '9']","['1', '5', '1', '1', '1', '9', '9', '5']","['1', '5', '1', '1', '1', '1', '1', '5']","['1', '5', '5', '5', '1', '1', '1', '1']","['1', '5', '5', '5', '7', '5', '5', '1']","['1', '5', '1', '4', '1', '1', '1', '1']","['9', '5', '9', '1', '9', '9', '9', '9']","['9', '5', '9', '1', '9', '9', '9', '9']"
224,1061,1,1,"['4', '6', '5', '4', '6', '1', '3', '1']","['6', '8', '4', '4', '5', '2', '2', '1']","['8', '2', '8', '9', '3', '2', '1', '1']","['1', '2', '2', '1', '3', '2', '9', '6']","['8', '3', '2', '2', '8', '5', '2', '1']","['5', '5', '5', '5', '5', '5', '5', '4']","['1', '2', '2', '5', '2', '1', '2', '1']","['2', '7', '8', '6', '7', '1', '2', '3']","['3', '7', '4', '1', '4', '1', '2', '2']"
225,1061,1,2,"['2', '2', '2', '1', '7', '4', '3', '4']","['1', '8', '6', '5', '7', '2', '4', '8']","['6', '1', '3', '9', '5', '2', '8', '1']","['2', '9', '1', '1', '5', '7', '1', '1']","['2', '6', '2', '1', '3', '1', '1', '2']","['4', '5', '5', '4', '6', '5', '5', '4']","['1', '1', '1', '1', '1', '3', '3', '5']","['6', '7', '1', '1', '6', '7', '6', '7']","['2', '1', '1', '2', '6', '1', '2', '4']"
226,1061,2,1,"['1', '2', '1', '2', '3', '1', '1', '1']","['1', '6', '3', '6', '1', '1', '4', '1']","['1', '1', '1', '1', '2', '1', '1', '1']","['1', '8', '1', '5', '8', '7', '9', '5']","['1', '6', '3', '3', '1', '2', '5', '2']","['4', '5', '5', '5', '5', '5', '4', '5']","['1', '3', '1', '1', '1', '5', '5', '1']","['6', '6', '4', '1', '1', '6', '2', '1']","['3', '2', '1', '1', '2', '1', '2', '1']"
227,1061,2,2,"['8', '7', '7', '5', '5', '5', '1', '4']","['1', '3', '1', '6', '3', '4', '6', '5']","['2', '2', '4', '5', '5', '5', '3', '3']","['8', '2', '2', '3', '2', '8', '9', '8']","['1', '5', '1', '3', '5', '4', '1', '3']","['6', '5', '5', '5', '5', '5', '5', '5']","['1', '2', '5', '7', '2', '2', '4', '1']","['6', '2', '7', '2', '7', '9', '8', '1']","['6', '1', '6', '1', '1', '1', '5', '1']"
228,1062,1,1,"['3', '5', '7', '6', '7', '6', '6', '6']","['6', '5', '4', '6', '3', '3', '3', '3']","['2', '6', '6', '6', '7', '4', '7', '6']","['6', '3', '3', '3', '4', '4', '3', '7']","['6', '2', '8', '3', '7', '6', '6', '7']","['5', '6', '9', '4', '8', '3', '4', '8']","['9', '6', '8', '4', '7', '6', '6', '9']","['4', '3', '2', '6', '3', '4', '4', '2']","['7', '3', '6', '4', '6', '4', '3', '5']"
229,1062,1,2,"['6', '7', '6', '7', '6', '6', '5', '4']","['7', '3', '3', '3', '3', '8', '3', '2']","['3', '7', '8', '7', '7', '2', '2', '6']","['3', '4', '5', '5', '4', '4', '8', '6']","['1', '6', '3', '7', '3', '2', '7', '3']","['4', '8', '5', '7', '3', '4', '7', '5']","['3', '7', '6', '7', '6', '6', '8', '7']","['4', '3', '6', '6', '4', '6', '4', '4']","['6', '7', '4', '6', '4', '5', '6', '4']"
230,1062,2,1,"['5', '6', '6', '7', '4', '6', '4', '7']","['3', '2', '3', '4', '3', '4', '3', '3']","['3', '6', '4', '7', '4', '6', '6', '3']","['6', '3', '5', '4', '6', '4', '3', '6']","['2', '4', '8', '7', '3', '3', '2', '8']","['4', '4', '8', '6', '4', '4', '5', '9']","['8', '3', '7', '6', '5', '6', '6', '8']","['2', '7', '4', '4', '6', '4', '7', '3']","['6', '5', '5', '6', '5', '4', '4', '6']"
231,1062,2,2,"['4', '6', '5', '7', '7', '6', '6', '4']","['2', '3', '4', '4', '5', '4', '6', '4']","['7', '6', '7', '8', '7', '7', '3', '4']","['3', '4', '4', '4', '4', '2', '9', '6']","['7', '3', '7', '2', '1', '7', '6', '3']","['6', '3', '6', '7', '4', '7', '3', '6']","['6', '4', '4', '6', '3', '6', '8', '6']","['4', '7', '7', '4', '7', '4', '4', '4']","['4', '4', '4', '6', '4', '6', '6', '4']"